index,split,unknown_class,cifar10_predicted_class,score,threshold,margin,failure_category,explanation
505,near,camel,deer,-13.3916,-5.2929,8.0986,Semantically Plausible,"Class 'camel' shares strong visual/semantic features with CIFAR-10 'deer', causing the closed-set classifier to absorb the unknown with high logit response."
740,near,wolf,cat,-12.7226,-5.2929,7.4297,Semantically Plausible,"Class 'wolf' shares strong visual/semantic features with CIFAR-10 'cat', causing the closed-set classifier to absorb the unknown with high logit response."
534,near,bus,deer,-12.623,-5.2929,7.3301,Surprising Failure,"Class 'bus' is visually distant from CIFAR-10 'deer', indicating high-confidence aliasing on background textures, spurious edges, or unconstrained open space."
59,near,wolf,dog,-12.3304,-5.2929,7.0375,Semantically Plausible,"Class 'wolf' shares strong visual/semantic features with CIFAR-10 'dog', causing the closed-set classifier to absorb the unknown with high logit response."
311,near,leopard,dog,-12.2775,-5.2929,6.9846,Semantically Plausible,"Class 'leopard' shares strong visual/semantic features with CIFAR-10 'dog', causing the closed-set classifier to absorb the unknown with high logit response."
197,near,fox,deer,-12.0355,-5.2929,6.7426,Surprising Failure,"Class 'fox' is visually distant from CIFAR-10 'deer', indicating high-confidence aliasing on background textures, spurious edges, or unconstrained open space."
176,near,bus,dog,-11.7587,-5.2929,6.4657,Surprising Failure,"Class 'bus' is visually distant from CIFAR-10 'dog', indicating high-confidence aliasing on background textures, spurious edges, or unconstrained open space."
695,near,fox,cat,-11.4832,-5.2929,6.1902,Semantically Plausible,"Class 'fox' shares strong visual/semantic features with CIFAR-10 'cat', causing the closed-set classifier to absorb the unknown with high logit response."
716,near,tractor,ship,-11.3705,-5.2929,6.0775,Surprising Failure,"Class 'tractor' is visually distant from CIFAR-10 'ship', indicating high-confidence aliasing on background textures, spurious edges, or unconstrained open space."
743,near,leopard,frog,-11.3343,-5.2929,6.0413,Surprising Failure,"Class 'leopard' is visually distant from CIFAR-10 'frog', indicating high-confidence aliasing on background textures, spurious edges, or unconstrained open space."
324,near,pickup_truck,truck,-11.285,-5.2929,5.9921,Semantically Plausible,"Class 'pickup_truck' shares strong visual/semantic features with CIFAR-10 'truck', causing the closed-set classifier to absorb the unknown with high logit response."
782,near,wolf,cat,-11.2136,-5.2929,5.9207,Semantically Plausible,"Class 'wolf' shares strong visual/semantic features with CIFAR-10 'cat', causing the closed-set classifier to absorb the unknown with high logit response."
367,near,fox,horse,-11.1016,-5.2929,5.8087,Surprising Failure,"Class 'fox' is visually distant from CIFAR-10 'horse', indicating high-confidence aliasing on background textures, spurious edges, or unconstrained open space."
584,near,pickup_truck,automobile,-11.0609,-5.2929,5.768,Semantically Plausible,"Class 'pickup_truck' shares strong visual/semantic features with CIFAR-10 'automobile', causing the closed-set classifier to absorb the unknown with high logit response."
507,near,tractor,truck,-11.0605,-5.2929,5.7676,Semantically Plausible,"Class 'tractor' shares strong visual/semantic features with CIFAR-10 'truck', causing the closed-set classifier to absorb the unknown with high logit response."
313,near,fox,deer,-10.9997,-5.2929,5.7068,Surprising Failure,"Class 'fox' is visually distant from CIFAR-10 'deer', indicating high-confidence aliasing on background textures, spurious edges, or unconstrained open space."
712,near,pickup_truck,automobile,-10.9304,-5.2929,5.6375,Semantically Plausible,"Class 'pickup_truck' shares strong visual/semantic features with CIFAR-10 'automobile', causing the closed-set classifier to absorb the unknown with high logit response."
647,near,camel,cat,-10.8983,-5.2929,5.6054,Surprising Failure,"Class 'camel' is visually distant from CIFAR-10 'cat', indicating high-confidence aliasing on background textures, spurious edges, or unconstrained open space."
796,near,bus,deer,-10.7763,-5.2929,5.4833,Surprising Failure,"Class 'bus' is visually distant from CIFAR-10 'deer', indicating high-confidence aliasing on background textures, spurious edges, or unconstrained open space."
693,near,bus,deer,-10.7637,-5.2929,5.4707,Surprising Failure,"Class 'bus' is visually distant from CIFAR-10 'deer', indicating high-confidence aliasing on background textures, spurious edges, or unconstrained open space."
726,near,pickup_truck,automobile,-10.7383,-5.2929,5.4453,Semantically Plausible,"Class 'pickup_truck' shares strong visual/semantic features with CIFAR-10 'automobile', causing the closed-set classifier to absorb the unknown with high logit response."
340,near,pickup_truck,automobile,-10.6828,-5.2929,5.3898,Semantically Plausible,"Class 'pickup_truck' shares strong visual/semantic features with CIFAR-10 'automobile', causing the closed-set classifier to absorb the unknown with high logit response."
785,near,fox,deer,-10.6407,-5.2929,5.3478,Surprising Failure,"Class 'fox' is visually distant from CIFAR-10 'deer', indicating high-confidence aliasing on background textures, spurious edges, or unconstrained open space."
277,near,fox,cat,-10.6402,-5.2929,5.3473,Semantically Plausible,"Class 'fox' shares strong visual/semantic features with CIFAR-10 'cat', causing the closed-set classifier to absorb the unknown with high logit response."
694,near,wolf,dog,-10.6348,-5.2929,5.3419,Semantically Plausible,"Class 'wolf' shares strong visual/semantic features with CIFAR-10 'dog', causing the closed-set classifier to absorb the unknown with high logit response."
363,near,pickup_truck,automobile,-10.6183,-5.2929,5.3253,Semantically Plausible,"Class 'pickup_truck' shares strong visual/semantic features with CIFAR-10 'automobile', causing the closed-set classifier to absorb the unknown with high logit response."
613,near,pickup_truck,automobile,-10.6067,-5.2929,5.3137,Semantically Plausible,"Class 'pickup_truck' shares strong visual/semantic features with CIFAR-10 'automobile', causing the closed-set classifier to absorb the unknown with high logit response."
232,near,leopard,cat,-10.6051,-5.2929,5.3122,Semantically Plausible,"Class 'leopard' shares strong visual/semantic features with CIFAR-10 'cat', causing the closed-set classifier to absorb the unknown with high logit response."
201,near,pickup_truck,automobile,-10.5612,-5.2929,5.2683,Semantically Plausible,"Class 'pickup_truck' shares strong visual/semantic features with CIFAR-10 'automobile', causing the closed-set classifier to absorb the unknown with high logit response."
766,near,leopard,frog,-10.4725,-5.2929,5.1796,Surprising Failure,"Class 'leopard' is visually distant from CIFAR-10 'frog', indicating high-confidence aliasing on background textures, spurious edges, or unconstrained open space."
378,near,pickup_truck,automobile,-10.4627,-5.2929,5.1697,Semantically Plausible,"Class 'pickup_truck' shares strong visual/semantic features with CIFAR-10 'automobile', causing the closed-set classifier to absorb the unknown with high logit response."
248,near,motorcycle,automobile,-10.4129,-5.2929,5.12,Semantically Plausible,"Class 'motorcycle' shares strong visual/semantic features with CIFAR-10 'automobile', causing the closed-set classifier to absorb the unknown with high logit response."
332,near,camel,dog,-10.3872,-5.2929,5.0943,Surprising Failure,"Class 'camel' is visually distant from CIFAR-10 'dog', indicating high-confidence aliasing on background textures, spurious edges, or unconstrained open space."
446,near,motorcycle,automobile,-10.3371,-5.2929,5.0442,Semantically Plausible,"Class 'motorcycle' shares strong visual/semantic features with CIFAR-10 'automobile', causing the closed-set classifier to absorb the unknown with high logit response."
535,near,tractor,truck,-10.325,-5.2929,5.032,Semantically Plausible,"Class 'tractor' shares strong visual/semantic features with CIFAR-10 'truck', causing the closed-set classifier to absorb the unknown with high logit response."
662,near,tractor,truck,-10.3192,-5.2929,5.0262,Semantically Plausible,"Class 'tractor' shares strong visual/semantic features with CIFAR-10 'truck', causing the closed-set classifier to absorb the unknown with high logit response."
126,near,camel,deer,-10.2647,-5.2929,4.9718,Semantically Plausible,"Class 'camel' shares strong visual/semantic features with CIFAR-10 'deer', causing the closed-set classifier to absorb the unknown with high logit response."
762,near,fox,cat,-10.2636,-5.2929,4.9706,Semantically Plausible,"Class 'fox' shares strong visual/semantic features with CIFAR-10 'cat', causing the closed-set classifier to absorb the unknown with high logit response."
755,near,pickup_truck,automobile,-10.2519,-5.2929,4.9589,Semantically Plausible,"Class 'pickup_truck' shares strong visual/semantic features with CIFAR-10 'automobile', causing the closed-set classifier to absorb the unknown with high logit response."
273,near,wolf,dog,-10.2444,-5.2929,4.9514,Semantically Plausible,"Class 'wolf' shares strong visual/semantic features with CIFAR-10 'dog', causing the closed-set classifier to absorb the unknown with high logit response."
322,near,pickup_truck,truck,-10.2011,-5.2929,4.9081,Semantically Plausible,"Class 'pickup_truck' shares strong visual/semantic features with CIFAR-10 'truck', causing the closed-set classifier to absorb the unknown with high logit response."
705,near,leopard,frog,-10.1902,-5.2929,4.8973,Surprising Failure,"Class 'leopard' is visually distant from CIFAR-10 'frog', indicating high-confidence aliasing on background textures, spurious edges, or unconstrained open space."
103,near,tractor,truck,-10.1725,-5.2929,4.8796,Semantically Plausible,"Class 'tractor' shares strong visual/semantic features with CIFAR-10 'truck', causing the closed-set classifier to absorb the unknown with high logit response."
551,near,wolf,cat,-10.1532,-5.2929,4.8603,Semantically Plausible,"Class 'wolf' shares strong visual/semantic features with CIFAR-10 'cat', causing the closed-set classifier to absorb the unknown with high logit response."
167,near,tractor,truck,-10.1235,-5.2929,4.8305,Semantically Plausible,"Class 'tractor' shares strong visual/semantic features with CIFAR-10 'truck', causing the closed-set classifier to absorb the unknown with high logit response."
290,near,tractor,truck,-10.0568,-5.2929,4.7639,Semantically Plausible,"Class 'tractor' shares strong visual/semantic features with CIFAR-10 'truck', causing the closed-set classifier to absorb the unknown with high logit response."
360,near,fox,deer,-9.9532,-5.2929,4.6603,Surprising Failure,"Class 'fox' is visually distant from CIFAR-10 'deer', indicating high-confidence aliasing on background textures, spurious edges, or unconstrained open space."
268,near,pickup_truck,truck,-9.9057,-5.2929,4.6127,Semantically Plausible,"Class 'pickup_truck' shares strong visual/semantic features with CIFAR-10 'truck', causing the closed-set classifier to absorb the unknown with high logit response."
112,near,fox,cat,-9.9053,-5.2929,4.6124,Semantically Plausible,"Class 'fox' shares strong visual/semantic features with CIFAR-10 'cat', causing the closed-set classifier to absorb the unknown with high logit response."
92,near,fox,deer,-9.8884,-5.2929,4.5955,Surprising Failure,"Class 'fox' is visually distant from CIFAR-10 'deer', indicating high-confidence aliasing on background textures, spurious edges, or unconstrained open space."
205,near,leopard,frog,-9.8639,-5.2929,4.5709,Surprising Failure,"Class 'leopard' is visually distant from CIFAR-10 'frog', indicating high-confidence aliasing on background textures, spurious edges, or unconstrained open space."
163,near,pickup_truck,automobile,-9.8136,-5.2929,4.5207,Semantically Plausible,"Class 'pickup_truck' shares strong visual/semantic features with CIFAR-10 'automobile', causing the closed-set classifier to absorb the unknown with high logit response."
274,near,motorcycle,truck,-9.736,-5.2929,4.443,Semantically Plausible,"Class 'motorcycle' shares strong visual/semantic features with CIFAR-10 'truck', causing the closed-set classifier to absorb the unknown with high logit response."
566,near,fox,dog,-9.713,-5.2929,4.42,Semantically Plausible,"Class 'fox' shares strong visual/semantic features with CIFAR-10 'dog', causing the closed-set classifier to absorb the unknown with high logit response."
358,near,tractor,truck,-9.7033,-5.2929,4.4104,Semantically Plausible,"Class 'tractor' shares strong visual/semantic features with CIFAR-10 'truck', causing the closed-set classifier to absorb the unknown with high logit response."
674,near,pickup_truck,automobile,-9.6826,-5.2929,4.3896,Semantically Plausible,"Class 'pickup_truck' shares strong visual/semantic features with CIFAR-10 'automobile', causing the closed-set classifier to absorb the unknown with high logit response."
397,near,pickup_truck,truck,-9.6814,-5.2929,4.3884,Semantically Plausible,"Class 'pickup_truck' shares strong visual/semantic features with CIFAR-10 'truck', causing the closed-set classifier to absorb the unknown with high logit response."
524,near,pickup_truck,automobile,-9.6805,-5.2929,4.3876,Semantically Plausible,"Class 'pickup_truck' shares strong visual/semantic features with CIFAR-10 'automobile', causing the closed-set classifier to absorb the unknown with high logit response."
385,near,wolf,dog,-9.6745,-5.2929,4.3816,Semantically Plausible,"Class 'wolf' shares strong visual/semantic features with CIFAR-10 'dog', causing the closed-set classifier to absorb the unknown with high logit response."
388,near,pickup_truck,automobile,-9.66,-5.2929,4.367,Semantically Plausible,"Class 'pickup_truck' shares strong visual/semantic features with CIFAR-10 'automobile', causing the closed-set classifier to absorb the unknown with high logit response."
636,near,wolf,dog,-9.6057,-5.2929,4.3128,Semantically Plausible,"Class 'wolf' shares strong visual/semantic features with CIFAR-10 'dog', causing the closed-set classifier to absorb the unknown with high logit response."
1,near,wolf,cat,-9.583,-5.2929,4.2901,Semantically Plausible,"Class 'wolf' shares strong visual/semantic features with CIFAR-10 'cat', causing the closed-set classifier to absorb the unknown with high logit response."
259,near,leopard,cat,-9.5806,-5.2929,4.2877,Semantically Plausible,"Class 'leopard' shares strong visual/semantic features with CIFAR-10 'cat', causing the closed-set classifier to absorb the unknown with high logit response."
110,near,wolf,cat,-9.5733,-5.2929,4.2803,Semantically Plausible,"Class 'wolf' shares strong visual/semantic features with CIFAR-10 'cat', causing the closed-set classifier to absorb the unknown with high logit response."
158,near,wolf,dog,-9.5306,-5.2929,4.2377,Semantically Plausible,"Class 'wolf' shares strong visual/semantic features with CIFAR-10 'dog', causing the closed-set classifier to absorb the unknown with high logit response."
181,near,pickup_truck,automobile,-9.5179,-5.2929,4.2249,Semantically Plausible,"Class 'pickup_truck' shares strong visual/semantic features with CIFAR-10 'automobile', causing the closed-set classifier to absorb the unknown with high logit response."
366,near,pickup_truck,automobile,-9.5097,-5.2929,4.2167,Semantically Plausible,"Class 'pickup_truck' shares strong visual/semantic features with CIFAR-10 'automobile', causing the closed-set classifier to absorb the unknown with high logit response."
294,near,bus,horse,-9.4806,-5.2929,4.1876,Surprising Failure,"Class 'bus' is visually distant from CIFAR-10 'horse', indicating high-confidence aliasing on background textures, spurious edges, or unconstrained open space."
144,near,leopard,deer,-9.4621,-5.2929,4.1692,Surprising Failure,"Class 'leopard' is visually distant from CIFAR-10 'deer', indicating high-confidence aliasing on background textures, spurious edges, or unconstrained open space."
325,near,fox,airplane,-9.4465,-5.2929,4.1535,Surprising Failure,"Class 'fox' is visually distant from CIFAR-10 'airplane', indicating high-confidence aliasing on background textures, spurious edges, or unconstrained open space."
342,near,pickup_truck,automobile,-9.4315,-5.2929,4.1386,Semantically Plausible,"Class 'pickup_truck' shares strong visual/semantic features with CIFAR-10 'automobile', causing the closed-set classifier to absorb the unknown with high logit response."
183,near,wolf,horse,-9.4219,-5.2929,4.129,Surprising Failure,"Class 'wolf' is visually distant from CIFAR-10 'horse', indicating high-confidence aliasing on background textures, spurious edges, or unconstrained open space."
21,near,tractor,truck,-9.3505,-5.2929,4.0576,Semantically Plausible,"Class 'tractor' shares strong visual/semantic features with CIFAR-10 'truck', causing the closed-set classifier to absorb the unknown with high logit response."
185,near,bus,deer,-9.3446,-5.2929,4.0517,Surprising Failure,"Class 'bus' is visually distant from CIFAR-10 'deer', indicating high-confidence aliasing on background textures, spurious edges, or unconstrained open space."
253,near,tractor,truck,-9.343,-5.2929,4.0501,Semantically Plausible,"Class 'tractor' shares strong visual/semantic features with CIFAR-10 'truck', causing the closed-set classifier to absorb the unknown with high logit response."
36,near,bus,cat,-9.3152,-5.2929,4.0222,Surprising Failure,"Class 'bus' is visually distant from CIFAR-10 'cat', indicating high-confidence aliasing on background textures, spurious edges, or unconstrained open space."
683,near,camel,deer,-9.2838,-5.2929,3.9909,Semantically Plausible,"Class 'camel' shares strong visual/semantic features with CIFAR-10 'deer', causing the closed-set classifier to absorb the unknown with high logit response."
132,near,fox,deer,-9.2766,-5.2929,3.9837,Surprising Failure,"Class 'fox' is visually distant from CIFAR-10 'deer', indicating high-confidence aliasing on background textures, spurious edges, or unconstrained open space."
576,near,bus,horse,-9.2287,-5.2929,3.9358,Surprising Failure,"Class 'bus' is visually distant from CIFAR-10 'horse', indicating high-confidence aliasing on background textures, spurious edges, or unconstrained open space."
480,near,leopard,cat,-9.2264,-5.2929,3.9335,Semantically Plausible,"Class 'leopard' shares strong visual/semantic features with CIFAR-10 'cat', causing the closed-set classifier to absorb the unknown with high logit response."
520,near,pickup_truck,automobile,-9.2136,-5.2929,3.9206,Semantically Plausible,"Class 'pickup_truck' shares strong visual/semantic features with CIFAR-10 'automobile', causing the closed-set classifier to absorb the unknown with high logit response."
489,near,fox,cat,-9.1975,-5.2929,3.9046,Semantically Plausible,"Class 'fox' shares strong visual/semantic features with CIFAR-10 'cat', causing the closed-set classifier to absorb the unknown with high logit response."
216,near,wolf,cat,-9.1925,-5.2929,3.8995,Semantically Plausible,"Class 'wolf' shares strong visual/semantic features with CIFAR-10 'cat', causing the closed-set classifier to absorb the unknown with high logit response."
554,near,wolf,dog,-9.1777,-5.2929,3.8847,Semantically Plausible,"Class 'wolf' shares strong visual/semantic features with CIFAR-10 'dog', causing the closed-set classifier to absorb the unknown with high logit response."
738,near,tractor,truck,-9.1652,-5.2929,3.8723,Semantically Plausible,"Class 'tractor' shares strong visual/semantic features with CIFAR-10 'truck', causing the closed-set classifier to absorb the unknown with high logit response."
184,near,wolf,dog,-9.1639,-5.2929,3.8709,Semantically Plausible,"Class 'wolf' shares strong visual/semantic features with CIFAR-10 'dog', causing the closed-set classifier to absorb the unknown with high logit response."
231,near,leopard,cat,-9.1606,-5.2929,3.8677,Semantically Plausible,"Class 'leopard' shares strong visual/semantic features with CIFAR-10 'cat', causing the closed-set classifier to absorb the unknown with high logit response."
267,near,wolf,dog,-9.157,-5.2929,3.864,Semantically Plausible,"Class 'wolf' shares strong visual/semantic features with CIFAR-10 'dog', causing the closed-set classifier to absorb the unknown with high logit response."
465,near,bus,dog,-9.1434,-5.2929,3.8504,Surprising Failure,"Class 'bus' is visually distant from CIFAR-10 'dog', indicating high-confidence aliasing on background textures, spurious edges, or unconstrained open space."
463,near,leopard,cat,-9.0946,-5.2929,3.8017,Semantically Plausible,"Class 'leopard' shares strong visual/semantic features with CIFAR-10 'cat', causing the closed-set classifier to absorb the unknown with high logit response."
361,near,bus,deer,-9.0654,-5.2929,3.7724,Surprising Failure,"Class 'bus' is visually distant from CIFAR-10 'deer', indicating high-confidence aliasing on background textures, spurious edges, or unconstrained open space."
620,near,fox,horse,-9.0386,-5.2929,3.7456,Surprising Failure,"Class 'fox' is visually distant from CIFAR-10 'horse', indicating high-confidence aliasing on background textures, spurious edges, or unconstrained open space."
161,near,bus,horse,-9.0319,-5.2929,3.7389,Surprising Failure,"Class 'bus' is visually distant from CIFAR-10 'horse', indicating high-confidence aliasing on background textures, spurious edges, or unconstrained open space."
753,near,pickup_truck,truck,-9.0286,-5.2929,3.7357,Semantically Plausible,"Class 'pickup_truck' shares strong visual/semantic features with CIFAR-10 'truck', causing the closed-set classifier to absorb the unknown with high logit response."
108,near,pickup_truck,automobile,-8.9935,-5.2929,3.7005,Semantically Plausible,"Class 'pickup_truck' shares strong visual/semantic features with CIFAR-10 'automobile', causing the closed-set classifier to absorb the unknown with high logit response."
204,near,tractor,truck,-8.9682,-5.2929,3.6752,Semantically Plausible,"Class 'tractor' shares strong visual/semantic features with CIFAR-10 'truck', causing the closed-set classifier to absorb the unknown with high logit response."
85,near,camel,horse,-8.9552,-5.2929,3.6623,Semantically Plausible,"Class 'camel' shares strong visual/semantic features with CIFAR-10 'horse', causing the closed-set classifier to absorb the unknown with high logit response."
334,near,motorcycle,airplane,-8.9548,-5.2929,3.6619,Semantically Plausible,"Class 'motorcycle' shares strong visual/semantic features with CIFAR-10 'airplane', causing the closed-set classifier to absorb the unknown with high logit response."
496,near,tractor,automobile,-8.9461,-5.2929,3.6531,Semantically Plausible,"Class 'tractor' shares strong visual/semantic features with CIFAR-10 'automobile', causing the closed-set classifier to absorb the unknown with high logit response."
775,near,pickup_truck,automobile,-8.9285,-5.2929,3.6356,Semantically Plausible,"Class 'pickup_truck' shares strong visual/semantic features with CIFAR-10 'automobile', causing the closed-set classifier to absorb the unknown with high logit response."
331,near,bus,horse,-8.9135,-5.2929,3.6205,Surprising Failure,"Class 'bus' is visually distant from CIFAR-10 'horse', indicating high-confidence aliasing on background textures, spurious edges, or unconstrained open space."
46,near,motorcycle,frog,-8.8764,-5.2929,3.5834,Surprising Failure,"Class 'motorcycle' is visually distant from CIFAR-10 'frog', indicating high-confidence aliasing on background textures, spurious edges, or unconstrained open space."
258,near,wolf,dog,-8.8739,-5.2929,3.581,Semantically Plausible,"Class 'wolf' shares strong visual/semantic features with CIFAR-10 'dog', causing the closed-set classifier to absorb the unknown with high logit response."
65,near,pickup_truck,automobile,-8.8705,-5.2929,3.5775,Semantically Plausible,"Class 'pickup_truck' shares strong visual/semantic features with CIFAR-10 'automobile', causing the closed-set classifier to absorb the unknown with high logit response."
79,near,fox,dog,-8.8578,-5.2929,3.5648,Semantically Plausible,"Class 'fox' shares strong visual/semantic features with CIFAR-10 'dog', causing the closed-set classifier to absorb the unknown with high logit response."
565,near,fox,cat,-8.8447,-5.2929,3.5518,Semantically Plausible,"Class 'fox' shares strong visual/semantic features with CIFAR-10 'cat', causing the closed-set classifier to absorb the unknown with high logit response."
319,near,bus,dog,-8.8435,-5.2929,3.5505,Surprising Failure,"Class 'bus' is visually distant from CIFAR-10 'dog', indicating high-confidence aliasing on background textures, spurious edges, or unconstrained open space."
754,near,pickup_truck,automobile,-8.8164,-5.2929,3.5235,Semantically Plausible,"Class 'pickup_truck' shares strong visual/semantic features with CIFAR-10 'automobile', causing the closed-set classifier to absorb the unknown with high logit response."
670,near,wolf,cat,-8.7755,-5.2929,3.4826,Semantically Plausible,"Class 'wolf' shares strong visual/semantic features with CIFAR-10 'cat', causing the closed-set classifier to absorb the unknown with high logit response."
230,near,motorcycle,airplane,-8.7633,-5.2929,3.4704,Semantically Plausible,"Class 'motorcycle' shares strong visual/semantic features with CIFAR-10 'airplane', causing the closed-set classifier to absorb the unknown with high logit response."
549,near,motorcycle,airplane,-8.753,-5.2929,3.4601,Semantically Plausible,"Class 'motorcycle' shares strong visual/semantic features with CIFAR-10 'airplane', causing the closed-set classifier to absorb the unknown with high logit response."
347,near,wolf,dog,-8.7478,-5.2929,3.4549,Semantically Plausible,"Class 'wolf' shares strong visual/semantic features with CIFAR-10 'dog', causing the closed-set classifier to absorb the unknown with high logit response."
538,near,leopard,frog,-8.7225,-5.2929,3.4295,Surprising Failure,"Class 'leopard' is visually distant from CIFAR-10 'frog', indicating high-confidence aliasing on background textures, spurious edges, or unconstrained open space."
483,near,pickup_truck,automobile,-8.7049,-5.2929,3.412,Semantically Plausible,"Class 'pickup_truck' shares strong visual/semantic features with CIFAR-10 'automobile', causing the closed-set classifier to absorb the unknown with high logit response."
720,near,tractor,truck,-8.6816,-5.2929,3.3887,Semantically Plausible,"Class 'tractor' shares strong visual/semantic features with CIFAR-10 'truck', causing the closed-set classifier to absorb the unknown with high logit response."
792,near,pickup_truck,automobile,-8.6659,-5.2929,3.3729,Semantically Plausible,"Class 'pickup_truck' shares strong visual/semantic features with CIFAR-10 'automobile', causing the closed-set classifier to absorb the unknown with high logit response."
788,near,pickup_truck,truck,-8.6486,-5.2929,3.3557,Semantically Plausible,"Class 'pickup_truck' shares strong visual/semantic features with CIFAR-10 'truck', causing the closed-set classifier to absorb the unknown with high logit response."
134,near,camel,dog,-8.6393,-5.2929,3.3464,Surprising Failure,"Class 'camel' is visually distant from CIFAR-10 'dog', indicating high-confidence aliasing on background textures, spurious edges, or unconstrained open space."
641,near,pickup_truck,automobile,-8.6385,-5.2929,3.3456,Semantically Plausible,"Class 'pickup_truck' shares strong visual/semantic features with CIFAR-10 'automobile', causing the closed-set classifier to absorb the unknown with high logit response."
256,near,tractor,truck,-8.6338,-5.2929,3.3409,Semantically Plausible,"Class 'tractor' shares strong visual/semantic features with CIFAR-10 'truck', causing the closed-set classifier to absorb the unknown with high logit response."
433,near,bus,horse,-8.6267,-5.2929,3.3337,Surprising Failure,"Class 'bus' is visually distant from CIFAR-10 'horse', indicating high-confidence aliasing on background textures, spurious edges, or unconstrained open space."
162,near,motorcycle,automobile,-8.6158,-5.2929,3.3228,Semantically Plausible,"Class 'motorcycle' shares strong visual/semantic features with CIFAR-10 'automobile', causing the closed-set classifier to absorb the unknown with high logit response."
175,near,wolf,dog,-8.6125,-5.2929,3.3196,Semantically Plausible,"Class 'wolf' shares strong visual/semantic features with CIFAR-10 'dog', causing the closed-set classifier to absorb the unknown with high logit response."
42,near,bus,deer,-8.6104,-5.2929,3.3175,Surprising Failure,"Class 'bus' is visually distant from CIFAR-10 'deer', indicating high-confidence aliasing on background textures, spurious edges, or unconstrained open space."
677,near,pickup_truck,automobile,-8.5767,-5.2929,3.2837,Semantically Plausible,"Class 'pickup_truck' shares strong visual/semantic features with CIFAR-10 'automobile', causing the closed-set classifier to absorb the unknown with high logit response."
148,near,pickup_truck,truck,-8.5676,-5.2929,3.2746,Semantically Plausible,"Class 'pickup_truck' shares strong visual/semantic features with CIFAR-10 'truck', causing the closed-set classifier to absorb the unknown with high logit response."
220,near,bus,horse,-8.5608,-5.2929,3.2678,Surprising Failure,"Class 'bus' is visually distant from CIFAR-10 'horse', indicating high-confidence aliasing on background textures, spurious edges, or unconstrained open space."
212,near,wolf,deer,-8.5361,-5.2929,3.2432,Semantically Plausible,"Class 'wolf' shares strong visual/semantic features with CIFAR-10 'deer', causing the closed-set classifier to absorb the unknown with high logit response."
335,near,pickup_truck,automobile,-8.5352,-5.2929,3.2422,Semantically Plausible,"Class 'pickup_truck' shares strong visual/semantic features with CIFAR-10 'automobile', causing the closed-set classifier to absorb the unknown with high logit response."
153,near,leopard,frog,-8.5324,-5.2929,3.2394,Surprising Failure,"Class 'leopard' is visually distant from CIFAR-10 'frog', indicating high-confidence aliasing on background textures, spurious edges, or unconstrained open space."
727,near,bus,horse,-8.5308,-5.2929,3.2379,Surprising Failure,"Class 'bus' is visually distant from CIFAR-10 'horse', indicating high-confidence aliasing on background textures, spurious edges, or unconstrained open space."
669,near,wolf,cat,-8.527,-5.2929,3.2341,Semantically Plausible,"Class 'wolf' shares strong visual/semantic features with CIFAR-10 'cat', causing the closed-set classifier to absorb the unknown with high logit response."
736,near,leopard,cat,-8.4644,-5.2929,3.1714,Semantically Plausible,"Class 'leopard' shares strong visual/semantic features with CIFAR-10 'cat', causing the closed-set classifier to absorb the unknown with high logit response."
98,near,pickup_truck,automobile,-8.4538,-5.2929,3.1608,Semantically Plausible,"Class 'pickup_truck' shares strong visual/semantic features with CIFAR-10 'automobile', causing the closed-set classifier to absorb the unknown with high logit response."
271,near,wolf,cat,-8.4517,-5.2929,3.1587,Semantically Plausible,"Class 'wolf' shares strong visual/semantic features with CIFAR-10 'cat', causing the closed-set classifier to absorb the unknown with high logit response."
668,near,fox,deer,-8.445,-5.2929,3.1521,Surprising Failure,"Class 'fox' is visually distant from CIFAR-10 'deer', indicating high-confidence aliasing on background textures, spurious edges, or unconstrained open space."
449,near,motorcycle,automobile,-8.4391,-5.2929,3.1461,Semantically Plausible,"Class 'motorcycle' shares strong visual/semantic features with CIFAR-10 'automobile', causing the closed-set classifier to absorb the unknown with high logit response."
591,near,camel,deer,-8.4292,-5.2929,3.1363,Semantically Plausible,"Class 'camel' shares strong visual/semantic features with CIFAR-10 'deer', causing the closed-set classifier to absorb the unknown with high logit response."
573,near,wolf,dog,-8.4274,-5.2929,3.1345,Semantically Plausible,"Class 'wolf' shares strong visual/semantic features with CIFAR-10 'dog', causing the closed-set classifier to absorb the unknown with high logit response."
136,near,wolf,cat,-8.4265,-5.2929,3.1336,Semantically Plausible,"Class 'wolf' shares strong visual/semantic features with CIFAR-10 'cat', causing the closed-set classifier to absorb the unknown with high logit response."
381,near,camel,deer,-8.4231,-5.2929,3.1301,Semantically Plausible,"Class 'camel' shares strong visual/semantic features with CIFAR-10 'deer', causing the closed-set classifier to absorb the unknown with high logit response."
318,near,wolf,dog,-8.4203,-5.2929,3.1273,Semantically Plausible,"Class 'wolf' shares strong visual/semantic features with CIFAR-10 'dog', causing the closed-set classifier to absorb the unknown with high logit response."
606,near,tractor,truck,-8.4024,-5.2929,3.1095,Semantically Plausible,"Class 'tractor' shares strong visual/semantic features with CIFAR-10 'truck', causing the closed-set classifier to absorb the unknown with high logit response."
486,near,wolf,cat,-8.3962,-5.2929,3.1033,Semantically Plausible,"Class 'wolf' shares strong visual/semantic features with CIFAR-10 'cat', causing the closed-set classifier to absorb the unknown with high logit response."
453,near,leopard,frog,-8.3881,-5.2929,3.0951,Surprising Failure,"Class 'leopard' is visually distant from CIFAR-10 'frog', indicating high-confidence aliasing on background textures, spurious edges, or unconstrained open space."
499,near,leopard,frog,-8.366,-5.2929,3.073,Surprising Failure,"Class 'leopard' is visually distant from CIFAR-10 'frog', indicating high-confidence aliasing on background textures, spurious edges, or unconstrained open space."
411,near,camel,dog,-8.33,-5.2929,3.0371,Surprising Failure,"Class 'camel' is visually distant from CIFAR-10 'dog', indicating high-confidence aliasing on background textures, spurious edges, or unconstrained open space."
269,near,fox,deer,-8.3001,-5.2929,3.0071,Surprising Failure,"Class 'fox' is visually distant from CIFAR-10 'deer', indicating high-confidence aliasing on background textures, spurious edges, or unconstrained open space."
66,near,wolf,dog,-8.295,-5.2929,3.0021,Semantically Plausible,"Class 'wolf' shares strong visual/semantic features with CIFAR-10 'dog', causing the closed-set classifier to absorb the unknown with high logit response."
357,near,fox,cat,-8.2914,-5.2929,2.9985,Semantically Plausible,"Class 'fox' shares strong visual/semantic features with CIFAR-10 'cat', causing the closed-set classifier to absorb the unknown with high logit response."
761,near,pickup_truck,automobile,-8.2898,-5.2929,2.9969,Semantically Plausible,"Class 'pickup_truck' shares strong visual/semantic features with CIFAR-10 'automobile', causing the closed-set classifier to absorb the unknown with high logit response."
444,near,tractor,truck,-8.2751,-5.2929,2.9821,Semantically Plausible,"Class 'tractor' shares strong visual/semantic features with CIFAR-10 'truck', causing the closed-set classifier to absorb the unknown with high logit response."
629,near,pickup_truck,automobile,-8.2678,-5.2929,2.9748,Semantically Plausible,"Class 'pickup_truck' shares strong visual/semantic features with CIFAR-10 'automobile', causing the closed-set classifier to absorb the unknown with high logit response."
601,near,fox,cat,-8.2662,-5.2929,2.9733,Semantically Plausible,"Class 'fox' shares strong visual/semantic features with CIFAR-10 'cat', causing the closed-set classifier to absorb the unknown with high logit response."
329,near,tractor,truck,-8.2347,-5.2929,2.9418,Semantically Plausible,"Class 'tractor' shares strong visual/semantic features with CIFAR-10 'truck', causing the closed-set classifier to absorb the unknown with high logit response."
48,near,wolf,cat,-8.224,-5.2929,2.931,Semantically Plausible,"Class 'wolf' shares strong visual/semantic features with CIFAR-10 'cat', causing the closed-set classifier to absorb the unknown with high logit response."
541,near,wolf,dog,-8.22,-5.2929,2.9271,Semantically Plausible,"Class 'wolf' shares strong visual/semantic features with CIFAR-10 'dog', causing the closed-set classifier to absorb the unknown with high logit response."
218,near,pickup_truck,automobile,-8.2148,-5.2929,2.9219,Semantically Plausible,"Class 'pickup_truck' shares strong visual/semantic features with CIFAR-10 'automobile', causing the closed-set classifier to absorb the unknown with high logit response."
593,near,wolf,horse,-8.2148,-5.2929,2.9219,Surprising Failure,"Class 'wolf' is visually distant from CIFAR-10 'horse', indicating high-confidence aliasing on background textures, spurious edges, or unconstrained open space."
531,near,tractor,truck,-8.2072,-5.2929,2.9143,Semantically Plausible,"Class 'tractor' shares strong visual/semantic features with CIFAR-10 'truck', causing the closed-set classifier to absorb the unknown with high logit response."
31,near,pickup_truck,automobile,-8.1948,-5.2929,2.9019,Semantically Plausible,"Class 'pickup_truck' shares strong visual/semantic features with CIFAR-10 'automobile', causing the closed-set classifier to absorb the unknown with high logit response."
189,near,pickup_truck,automobile,-8.1925,-5.2929,2.8996,Semantically Plausible,"Class 'pickup_truck' shares strong visual/semantic features with CIFAR-10 'automobile', causing the closed-set classifier to absorb the unknown with high logit response."
654,near,pickup_truck,automobile,-8.1797,-5.2929,2.8867,Semantically Plausible,"Class 'pickup_truck' shares strong visual/semantic features with CIFAR-10 'automobile', causing the closed-set classifier to absorb the unknown with high logit response."
86,near,bus,horse,-8.1724,-5.2929,2.8794,Surprising Failure,"Class 'bus' is visually distant from CIFAR-10 'horse', indicating high-confidence aliasing on background textures, spurious edges, or unconstrained open space."
455,near,fox,bird,-8.1718,-5.2929,2.8789,Surprising Failure,"Class 'fox' is visually distant from CIFAR-10 'bird', indicating high-confidence aliasing on background textures, spurious edges, or unconstrained open space."
285,near,wolf,cat,-8.1669,-5.2929,2.874,Semantically Plausible,"Class 'wolf' shares strong visual/semantic features with CIFAR-10 'cat', causing the closed-set classifier to absorb the unknown with high logit response."
222,near,wolf,cat,-8.1667,-5.2929,2.8737,Semantically Plausible,"Class 'wolf' shares strong visual/semantic features with CIFAR-10 'cat', causing the closed-set classifier to absorb the unknown with high logit response."
39,near,leopard,cat,-8.1327,-5.2929,2.8397,Semantically Plausible,"Class 'leopard' shares strong visual/semantic features with CIFAR-10 'cat', causing the closed-set classifier to absorb the unknown with high logit response."
265,near,fox,deer,-8.1304,-5.2929,2.8374,Surprising Failure,"Class 'fox' is visually distant from CIFAR-10 'deer', indicating high-confidence aliasing on background textures, spurious edges, or unconstrained open space."
399,near,motorcycle,truck,-8.1274,-5.2929,2.8345,Semantically Plausible,"Class 'motorcycle' shares strong visual/semantic features with CIFAR-10 'truck', causing the closed-set classifier to absorb the unknown with high logit response."
18,near,tractor,truck,-8.1089,-5.2929,2.8159,Semantically Plausible,"Class 'tractor' shares strong visual/semantic features with CIFAR-10 'truck', causing the closed-set classifier to absorb the unknown with high logit response."
644,near,fox,deer,-8.1045,-5.2929,2.8116,Surprising Failure,"Class 'fox' is visually distant from CIFAR-10 'deer', indicating high-confidence aliasing on background textures, spurious edges, or unconstrained open space."
362,near,pickup_truck,automobile,-8.0968,-5.2929,2.8039,Semantically Plausible,"Class 'pickup_truck' shares strong visual/semantic features with CIFAR-10 'automobile', causing the closed-set classifier to absorb the unknown with high logit response."
648,near,fox,cat,-8.0926,-5.2929,2.7996,Semantically Plausible,"Class 'fox' shares strong visual/semantic features with CIFAR-10 'cat', causing the closed-set classifier to absorb the unknown with high logit response."
64,near,pickup_truck,truck,-8.0871,-5.2929,2.7941,Semantically Plausible,"Class 'pickup_truck' shares strong visual/semantic features with CIFAR-10 'truck', causing the closed-set classifier to absorb the unknown with high logit response."
380,near,tractor,truck,-8.0732,-5.2929,2.7802,Semantically Plausible,"Class 'tractor' shares strong visual/semantic features with CIFAR-10 'truck', causing the closed-set classifier to absorb the unknown with high logit response."
225,near,tractor,truck,-8.0577,-5.2929,2.7648,Semantically Plausible,"Class 'tractor' shares strong visual/semantic features with CIFAR-10 'truck', causing the closed-set classifier to absorb the unknown with high logit response."
237,near,tractor,truck,-8.0485,-5.2929,2.7556,Semantically Plausible,"Class 'tractor' shares strong visual/semantic features with CIFAR-10 'truck', causing the closed-set classifier to absorb the unknown with high logit response."
459,near,pickup_truck,automobile,-8.0261,-5.2929,2.7331,Semantically Plausible,"Class 'pickup_truck' shares strong visual/semantic features with CIFAR-10 'automobile', causing the closed-set classifier to absorb the unknown with high logit response."
155,near,tractor,truck,-8.005,-5.2929,2.712,Semantically Plausible,"Class 'tractor' shares strong visual/semantic features with CIFAR-10 'truck', causing the closed-set classifier to absorb the unknown with high logit response."
504,near,camel,bird,-7.9641,-5.2929,2.6712,Surprising Failure,"Class 'camel' is visually distant from CIFAR-10 'bird', indicating high-confidence aliasing on background textures, spurious edges, or unconstrained open space."
252,near,bus,horse,-7.9573,-5.2929,2.6644,Surprising Failure,"Class 'bus' is visually distant from CIFAR-10 'horse', indicating high-confidence aliasing on background textures, spurious edges, or unconstrained open space."
377,near,pickup_truck,automobile,-7.955,-5.2929,2.6621,Semantically Plausible,"Class 'pickup_truck' shares strong visual/semantic features with CIFAR-10 'automobile', causing the closed-set classifier to absorb the unknown with high logit response."
490,near,fox,deer,-7.9526,-5.2929,2.6597,Surprising Failure,"Class 'fox' is visually distant from CIFAR-10 'deer', indicating high-confidence aliasing on background textures, spurious edges, or unconstrained open space."
386,near,fox,cat,-7.9363,-5.2929,2.6434,Semantically Plausible,"Class 'fox' shares strong visual/semantic features with CIFAR-10 'cat', causing the closed-set classifier to absorb the unknown with high logit response."
461,near,wolf,cat,-7.9315,-5.2929,2.6385,Semantically Plausible,"Class 'wolf' shares strong visual/semantic features with CIFAR-10 'cat', causing the closed-set classifier to absorb the unknown with high logit response."
522,near,bus,deer,-7.9232,-5.2929,2.6302,Surprising Failure,"Class 'bus' is visually distant from CIFAR-10 'deer', indicating high-confidence aliasing on background textures, spurious edges, or unconstrained open space."
767,near,wolf,cat,-7.9177,-5.2929,2.6247,Semantically Plausible,"Class 'wolf' shares strong visual/semantic features with CIFAR-10 'cat', causing the closed-set classifier to absorb the unknown with high logit response."
352,near,tractor,truck,-7.8867,-5.2929,2.5938,Semantically Plausible,"Class 'tractor' shares strong visual/semantic features with CIFAR-10 'truck', causing the closed-set classifier to absorb the unknown with high logit response."
440,near,camel,bird,-7.8824,-5.2929,2.5895,Surprising Failure,"Class 'camel' is visually distant from CIFAR-10 'bird', indicating high-confidence aliasing on background textures, spurious edges, or unconstrained open space."
114,near,camel,dog,-7.8658,-5.2929,2.5728,Surprising Failure,"Class 'camel' is visually distant from CIFAR-10 'dog', indicating high-confidence aliasing on background textures, spurious edges, or unconstrained open space."
409,near,camel,dog,-7.8584,-5.2929,2.5655,Surprising Failure,"Class 'camel' is visually distant from CIFAR-10 'dog', indicating high-confidence aliasing on background textures, spurious edges, or unconstrained open space."
598,near,pickup_truck,automobile,-7.8034,-5.2929,2.5105,Semantically Plausible,"Class 'pickup_truck' shares strong visual/semantic features with CIFAR-10 'automobile', causing the closed-set classifier to absorb the unknown with high logit response."
80,near,fox,cat,-7.7959,-5.2929,2.5029,Semantically Plausible,"Class 'fox' shares strong visual/semantic features with CIFAR-10 'cat', causing the closed-set classifier to absorb the unknown with high logit response."
661,near,leopard,cat,-7.7948,-5.2929,2.5019,Semantically Plausible,"Class 'leopard' shares strong visual/semantic features with CIFAR-10 'cat', causing the closed-set classifier to absorb the unknown with high logit response."
759,near,bus,deer,-7.7794,-5.2929,2.4865,Surprising Failure,"Class 'bus' is visually distant from CIFAR-10 'deer', indicating high-confidence aliasing on background textures, spurious edges, or unconstrained open space."
547,near,wolf,cat,-7.7785,-5.2929,2.4856,Semantically Plausible,"Class 'wolf' shares strong visual/semantic features with CIFAR-10 'cat', causing the closed-set classifier to absorb the unknown with high logit response."
23,near,tractor,automobile,-7.7536,-5.2929,2.4607,Semantically Plausible,"Class 'tractor' shares strong visual/semantic features with CIFAR-10 'automobile', causing the closed-set classifier to absorb the unknown with high logit response."
138,near,leopard,cat,-7.7472,-5.2929,2.4543,Semantically Plausible,"Class 'leopard' shares strong visual/semantic features with CIFAR-10 'cat', causing the closed-set classifier to absorb the unknown with high logit response."
452,near,tractor,truck,-7.7124,-5.2929,2.4194,Semantically Plausible,"Class 'tractor' shares strong visual/semantic features with CIFAR-10 'truck', causing the closed-set classifier to absorb the unknown with high logit response."
787,near,pickup_truck,automobile,-7.7089,-5.2929,2.416,Semantically Plausible,"Class 'pickup_truck' shares strong visual/semantic features with CIFAR-10 'automobile', causing the closed-set classifier to absorb the unknown with high logit response."
790,near,leopard,frog,-7.6895,-5.2929,2.3965,Surprising Failure,"Class 'leopard' is visually distant from CIFAR-10 'frog', indicating high-confidence aliasing on background textures, spurious edges, or unconstrained open space."
481,near,leopard,cat,-7.6884,-5.2929,2.3955,Semantically Plausible,"Class 'leopard' shares strong visual/semantic features with CIFAR-10 'cat', causing the closed-set classifier to absorb the unknown with high logit response."
512,near,camel,horse,-7.6774,-5.2929,2.3844,Semantically Plausible,"Class 'camel' shares strong visual/semantic features with CIFAR-10 'horse', causing the closed-set classifier to absorb the unknown with high logit response."
621,near,camel,dog,-7.6563,-5.2929,2.3633,Surprising Failure,"Class 'camel' is visually distant from CIFAR-10 'dog', indicating high-confidence aliasing on background textures, spurious edges, or unconstrained open space."
374,near,fox,deer,-7.6404,-5.2929,2.3475,Surprising Failure,"Class 'fox' is visually distant from CIFAR-10 'deer', indicating high-confidence aliasing on background textures, spurious edges, or unconstrained open space."
307,near,bus,deer,-7.6277,-5.2929,2.3348,Surprising Failure,"Class 'bus' is visually distant from CIFAR-10 'deer', indicating high-confidence aliasing on background textures, spurious edges, or unconstrained open space."
714,near,pickup_truck,automobile,-7.6229,-5.2929,2.33,Semantically Plausible,"Class 'pickup_truck' shares strong visual/semantic features with CIFAR-10 'automobile', causing the closed-set classifier to absorb the unknown with high logit response."
279,near,wolf,dog,-7.5817,-5.2929,2.2888,Semantically Plausible,"Class 'wolf' shares strong visual/semantic features with CIFAR-10 'dog', causing the closed-set classifier to absorb the unknown with high logit response."
315,near,fox,dog,-7.5692,-5.2929,2.2763,Semantically Plausible,"Class 'fox' shares strong visual/semantic features with CIFAR-10 'dog', causing the closed-set classifier to absorb the unknown with high logit response."
757,near,leopard,cat,-7.5596,-5.2929,2.2667,Semantically Plausible,"Class 'leopard' shares strong visual/semantic features with CIFAR-10 'cat', causing the closed-set classifier to absorb the unknown with high logit response."
744,near,camel,dog,-7.5579,-5.2929,2.2649,Surprising Failure,"Class 'camel' is visually distant from CIFAR-10 'dog', indicating high-confidence aliasing on background textures, spurious edges, or unconstrained open space."
732,near,camel,horse,-7.5236,-5.2929,2.2306,Semantically Plausible,"Class 'camel' shares strong visual/semantic features with CIFAR-10 'horse', causing the closed-set classifier to absorb the unknown with high logit response."
314,near,bus,horse,-7.505,-5.2929,2.212,Surprising Failure,"Class 'bus' is visually distant from CIFAR-10 'horse', indicating high-confidence aliasing on background textures, spurious edges, or unconstrained open space."
733,near,bus,horse,-7.4977,-5.2929,2.2047,Surprising Failure,"Class 'bus' is visually distant from CIFAR-10 'horse', indicating high-confidence aliasing on background textures, spurious edges, or unconstrained open space."
9,near,pickup_truck,truck,-7.4975,-5.2929,2.2046,Semantically Plausible,"Class 'pickup_truck' shares strong visual/semantic features with CIFAR-10 'truck', causing the closed-set classifier to absorb the unknown with high logit response."
777,near,tractor,truck,-7.4726,-5.2929,2.1797,Semantically Plausible,"Class 'tractor' shares strong visual/semantic features with CIFAR-10 'truck', causing the closed-set classifier to absorb the unknown with high logit response."
289,near,fox,deer,-7.4538,-5.2929,2.1608,Surprising Failure,"Class 'fox' is visually distant from CIFAR-10 'deer', indicating high-confidence aliasing on background textures, spurious edges, or unconstrained open space."
739,near,motorcycle,automobile,-7.4468,-5.2929,2.1539,Semantically Plausible,"Class 'motorcycle' shares strong visual/semantic features with CIFAR-10 'automobile', causing the closed-set classifier to absorb the unknown with high logit response."
71,near,camel,horse,-7.4444,-5.2929,2.1514,Semantically Plausible,"Class 'camel' shares strong visual/semantic features with CIFAR-10 'horse', causing the closed-set classifier to absorb the unknown with high logit response."
760,near,pickup_truck,automobile,-7.4431,-5.2929,2.1501,Semantically Plausible,"Class 'pickup_truck' shares strong visual/semantic features with CIFAR-10 'automobile', causing the closed-set classifier to absorb the unknown with high logit response."
746,near,tractor,truck,-7.434,-5.2929,2.141,Semantically Plausible,"Class 'tractor' shares strong visual/semantic features with CIFAR-10 'truck', causing the closed-set classifier to absorb the unknown with high logit response."
296,near,fox,deer,-7.3856,-5.2929,2.0927,Surprising Failure,"Class 'fox' is visually distant from CIFAR-10 'deer', indicating high-confidence aliasing on background textures, spurious edges, or unconstrained open space."
260,near,motorcycle,automobile,-7.3852,-5.2929,2.0923,Semantically Plausible,"Class 'motorcycle' shares strong visual/semantic features with CIFAR-10 'automobile', causing the closed-set classifier to absorb the unknown with high logit response."
425,near,wolf,dog,-7.3836,-5.2929,2.0907,Semantically Plausible,"Class 'wolf' shares strong visual/semantic features with CIFAR-10 'dog', causing the closed-set classifier to absorb the unknown with high logit response."
187,near,fox,deer,-7.3688,-5.2929,2.0759,Surprising Failure,"Class 'fox' is visually distant from CIFAR-10 'deer', indicating high-confidence aliasing on background textures, spurious edges, or unconstrained open space."
427,near,pickup_truck,automobile,-7.3399,-5.2929,2.047,Semantically Plausible,"Class 'pickup_truck' shares strong visual/semantic features with CIFAR-10 'automobile', causing the closed-set classifier to absorb the unknown with high logit response."
574,near,fox,deer,-7.3346,-5.2929,2.0417,Surprising Failure,"Class 'fox' is visually distant from CIFAR-10 'deer', indicating high-confidence aliasing on background textures, spurious edges, or unconstrained open space."
719,near,motorcycle,automobile,-7.3162,-5.2929,2.0233,Semantically Plausible,"Class 'motorcycle' shares strong visual/semantic features with CIFAR-10 'automobile', causing the closed-set classifier to absorb the unknown with high logit response."
533,near,bus,deer,-7.315,-5.2929,2.0221,Surprising Failure,"Class 'bus' is visually distant from CIFAR-10 'deer', indicating high-confidence aliasing on background textures, spurious edges, or unconstrained open space."
140,near,bus,deer,-7.2577,-5.2929,1.9648,Surprising Failure,"Class 'bus' is visually distant from CIFAR-10 'deer', indicating high-confidence aliasing on background textures, spurious edges, or unconstrained open space."
526,near,motorcycle,airplane,-7.2437,-5.2929,1.9508,Semantically Plausible,"Class 'motorcycle' shares strong visual/semantic features with CIFAR-10 'airplane', causing the closed-set classifier to absorb the unknown with high logit response."
562,near,pickup_truck,automobile,-7.2395,-5.2929,1.9465,Semantically Plausible,"Class 'pickup_truck' shares strong visual/semantic features with CIFAR-10 'automobile', causing the closed-set classifier to absorb the unknown with high logit response."
602,near,bus,deer,-7.2387,-5.2929,1.9458,Surprising Failure,"Class 'bus' is visually distant from CIFAR-10 'deer', indicating high-confidence aliasing on background textures, spurious edges, or unconstrained open space."
165,near,wolf,bird,-7.2271,-5.2929,1.9342,Surprising Failure,"Class 'wolf' is visually distant from CIFAR-10 'bird', indicating high-confidence aliasing on background textures, spurious edges, or unconstrained open space."
4,near,leopard,cat,-7.1982,-5.2929,1.9053,Semantically Plausible,"Class 'leopard' shares strong visual/semantic features with CIFAR-10 'cat', causing the closed-set classifier to absorb the unknown with high logit response."
120,near,pickup_truck,automobile,-7.184,-5.2929,1.891,Semantically Plausible,"Class 'pickup_truck' shares strong visual/semantic features with CIFAR-10 'automobile', causing the closed-set classifier to absorb the unknown with high logit response."
298,near,tractor,truck,-7.1789,-5.2929,1.886,Semantically Plausible,"Class 'tractor' shares strong visual/semantic features with CIFAR-10 'truck', causing the closed-set classifier to absorb the unknown with high logit response."
656,near,camel,horse,-7.1693,-5.2929,1.8764,Semantically Plausible,"Class 'camel' shares strong visual/semantic features with CIFAR-10 'horse', causing the closed-set classifier to absorb the unknown with high logit response."
494,near,wolf,cat,-7.1663,-5.2929,1.8733,Semantically Plausible,"Class 'wolf' shares strong visual/semantic features with CIFAR-10 'cat', causing the closed-set classifier to absorb the unknown with high logit response."
559,near,motorcycle,truck,-7.1607,-5.2929,1.8678,Semantically Plausible,"Class 'motorcycle' shares strong visual/semantic features with CIFAR-10 'truck', causing the closed-set classifier to absorb the unknown with high logit response."
254,near,wolf,dog,-7.1513,-5.2929,1.8584,Semantically Plausible,"Class 'wolf' shares strong visual/semantic features with CIFAR-10 'dog', causing the closed-set classifier to absorb the unknown with high logit response."
105,near,fox,deer,-7.1452,-5.2929,1.8523,Surprising Failure,"Class 'fox' is visually distant from CIFAR-10 'deer', indicating high-confidence aliasing on background textures, spurious edges, or unconstrained open space."
10,near,pickup_truck,truck,-7.1407,-5.2929,1.8477,Semantically Plausible,"Class 'pickup_truck' shares strong visual/semantic features with CIFAR-10 'truck', causing the closed-set classifier to absorb the unknown with high logit response."
660,near,leopard,frog,-7.1386,-5.2929,1.8457,Surprising Failure,"Class 'leopard' is visually distant from CIFAR-10 'frog', indicating high-confidence aliasing on background textures, spurious edges, or unconstrained open space."
586,near,leopard,frog,-7.1378,-5.2929,1.8448,Surprising Failure,"Class 'leopard' is visually distant from CIFAR-10 'frog', indicating high-confidence aliasing on background textures, spurious edges, or unconstrained open space."
192,near,fox,cat,-7.1296,-5.2929,1.8366,Semantically Plausible,"Class 'fox' shares strong visual/semantic features with CIFAR-10 'cat', causing the closed-set classifier to absorb the unknown with high logit response."
633,near,pickup_truck,truck,-7.117,-5.2929,1.8241,Semantically Plausible,"Class 'pickup_truck' shares strong visual/semantic features with CIFAR-10 'truck', causing the closed-set classifier to absorb the unknown with high logit response."
786,near,pickup_truck,truck,-7.1035,-5.2929,1.8106,Semantically Plausible,"Class 'pickup_truck' shares strong visual/semantic features with CIFAR-10 'truck', causing the closed-set classifier to absorb the unknown with high logit response."
628,near,tractor,ship,-7.103,-5.2929,1.8101,Surprising Failure,"Class 'tractor' is visually distant from CIFAR-10 'ship', indicating high-confidence aliasing on background textures, spurious edges, or unconstrained open space."
731,near,bus,horse,-7.103,-5.2929,1.8101,Surprising Failure,"Class 'bus' is visually distant from CIFAR-10 'horse', indicating high-confidence aliasing on background textures, spurious edges, or unconstrained open space."
428,near,tractor,truck,-7.0732,-5.2929,1.7802,Semantically Plausible,"Class 'tractor' shares strong visual/semantic features with CIFAR-10 'truck', causing the closed-set classifier to absorb the unknown with high logit response."
529,near,leopard,frog,-7.0704,-5.2929,1.7775,Surprising Failure,"Class 'leopard' is visually distant from CIFAR-10 'frog', indicating high-confidence aliasing on background textures, spurious edges, or unconstrained open space."
142,near,motorcycle,automobile,-7.0669,-5.2929,1.774,Semantically Plausible,"Class 'motorcycle' shares strong visual/semantic features with CIFAR-10 'automobile', causing the closed-set classifier to absorb the unknown with high logit response."
685,near,motorcycle,automobile,-7.0534,-5.2929,1.7605,Semantically Plausible,"Class 'motorcycle' shares strong visual/semantic features with CIFAR-10 'automobile', causing the closed-set classifier to absorb the unknown with high logit response."
686,near,bus,horse,-7.0392,-5.2929,1.7462,Surprising Failure,"Class 'bus' is visually distant from CIFAR-10 'horse', indicating high-confidence aliasing on background textures, spurious edges, or unconstrained open space."
327,near,wolf,dog,-7.0254,-5.2929,1.7325,Semantically Plausible,"Class 'wolf' shares strong visual/semantic features with CIFAR-10 'dog', causing the closed-set classifier to absorb the unknown with high logit response."
7,near,bus,dog,-7.0236,-5.2929,1.7307,Surprising Failure,"Class 'bus' is visually distant from CIFAR-10 'dog', indicating high-confidence aliasing on background textures, spurious edges, or unconstrained open space."
687,near,wolf,cat,-7.0178,-5.2929,1.7248,Semantically Plausible,"Class 'wolf' shares strong visual/semantic features with CIFAR-10 'cat', causing the closed-set classifier to absorb the unknown with high logit response."
764,near,pickup_truck,truck,-7.0118,-5.2929,1.7188,Semantically Plausible,"Class 'pickup_truck' shares strong visual/semantic features with CIFAR-10 'truck', causing the closed-set classifier to absorb the unknown with high logit response."
390,near,camel,dog,-6.9904,-5.2929,1.6975,Surprising Failure,"Class 'camel' is visually distant from CIFAR-10 'dog', indicating high-confidence aliasing on background textures, spurious edges, or unconstrained open space."
346,near,pickup_truck,automobile,-6.9751,-5.2929,1.6822,Semantically Plausible,"Class 'pickup_truck' shares strong visual/semantic features with CIFAR-10 'automobile', causing the closed-set classifier to absorb the unknown with high logit response."
473,near,bus,dog,-6.9674,-5.2929,1.6745,Surprising Failure,"Class 'bus' is visually distant from CIFAR-10 'dog', indicating high-confidence aliasing on background textures, spurious edges, or unconstrained open space."
62,near,camel,airplane,-6.9665,-5.2929,1.6736,Surprising Failure,"Class 'camel' is visually distant from CIFAR-10 'airplane', indicating high-confidence aliasing on background textures, spurious edges, or unconstrained open space."
209,near,fox,cat,-6.9657,-5.2929,1.6728,Semantically Plausible,"Class 'fox' shares strong visual/semantic features with CIFAR-10 'cat', causing the closed-set classifier to absorb the unknown with high logit response."
604,near,pickup_truck,truck,-6.9627,-5.2929,1.6698,Semantically Plausible,"Class 'pickup_truck' shares strong visual/semantic features with CIFAR-10 'truck', causing the closed-set classifier to absorb the unknown with high logit response."
210,near,bus,horse,-6.9493,-5.2929,1.6564,Surprising Failure,"Class 'bus' is visually distant from CIFAR-10 'horse', indicating high-confidence aliasing on background textures, spurious edges, or unconstrained open space."
302,near,tractor,truck,-6.9476,-5.2929,1.6547,Semantically Plausible,"Class 'tractor' shares strong visual/semantic features with CIFAR-10 'truck', causing the closed-set classifier to absorb the unknown with high logit response."
471,near,wolf,cat,-6.9084,-5.2929,1.6155,Semantically Plausible,"Class 'wolf' shares strong visual/semantic features with CIFAR-10 'cat', causing the closed-set classifier to absorb the unknown with high logit response."
627,near,wolf,cat,-6.9003,-5.2929,1.6074,Semantically Plausible,"Class 'wolf' shares strong visual/semantic features with CIFAR-10 'cat', causing the closed-set classifier to absorb the unknown with high logit response."
625,near,pickup_truck,automobile,-6.8839,-5.2929,1.5909,Semantically Plausible,"Class 'pickup_truck' shares strong visual/semantic features with CIFAR-10 'automobile', causing the closed-set classifier to absorb the unknown with high logit response."
57,near,wolf,dog,-6.877,-5.2929,1.5841,Semantically Plausible,"Class 'wolf' shares strong visual/semantic features with CIFAR-10 'dog', causing the closed-set classifier to absorb the unknown with high logit response."
711,near,pickup_truck,truck,-6.8758,-5.2929,1.5828,Semantically Plausible,"Class 'pickup_truck' shares strong visual/semantic features with CIFAR-10 'truck', causing the closed-set classifier to absorb the unknown with high logit response."
728,near,camel,deer,-6.865,-5.2929,1.5721,Semantically Plausible,"Class 'camel' shares strong visual/semantic features with CIFAR-10 'deer', causing the closed-set classifier to absorb the unknown with high logit response."
193,near,bus,deer,-6.8537,-5.2929,1.5607,Surprising Failure,"Class 'bus' is visually distant from CIFAR-10 'deer', indicating high-confidence aliasing on background textures, spurious edges, or unconstrained open space."
696,near,fox,cat,-6.8294,-5.2929,1.5365,Semantically Plausible,"Class 'fox' shares strong visual/semantic features with CIFAR-10 'cat', causing the closed-set classifier to absorb the unknown with high logit response."
179,near,bus,dog,-6.8066,-5.2929,1.5136,Surprising Failure,"Class 'bus' is visually distant from CIFAR-10 'dog', indicating high-confidence aliasing on background textures, spurious edges, or unconstrained open space."
123,near,wolf,dog,-6.7954,-5.2929,1.5024,Semantically Plausible,"Class 'wolf' shares strong visual/semantic features with CIFAR-10 'dog', causing the closed-set classifier to absorb the unknown with high logit response."
634,near,fox,cat,-6.7935,-5.2929,1.5005,Semantically Plausible,"Class 'fox' shares strong visual/semantic features with CIFAR-10 'cat', causing the closed-set classifier to absorb the unknown with high logit response."
113,near,motorcycle,cat,-6.7908,-5.2929,1.4979,Surprising Failure,"Class 'motorcycle' is visually distant from CIFAR-10 'cat', indicating high-confidence aliasing on background textures, spurious edges, or unconstrained open space."
588,near,leopard,cat,-6.7899,-5.2929,1.497,Semantically Plausible,"Class 'leopard' shares strong visual/semantic features with CIFAR-10 'cat', causing the closed-set classifier to absorb the unknown with high logit response."
278,near,bus,horse,-6.7744,-5.2929,1.4814,Surprising Failure,"Class 'bus' is visually distant from CIFAR-10 'horse', indicating high-confidence aliasing on background textures, spurious edges, or unconstrained open space."
585,near,leopard,cat,-6.7712,-5.2929,1.4783,Semantically Plausible,"Class 'leopard' shares strong visual/semantic features with CIFAR-10 'cat', causing the closed-set classifier to absorb the unknown with high logit response."
608,near,fox,deer,-6.771,-5.2929,1.4781,Surprising Failure,"Class 'fox' is visually distant from CIFAR-10 'deer', indicating high-confidence aliasing on background textures, spurious edges, or unconstrained open space."
26,near,camel,bird,-6.7709,-5.2929,1.478,Surprising Failure,"Class 'camel' is visually distant from CIFAR-10 'bird', indicating high-confidence aliasing on background textures, spurious edges, or unconstrained open space."
106,near,motorcycle,truck,-6.7694,-5.2929,1.4765,Semantically Plausible,"Class 'motorcycle' shares strong visual/semantic features with CIFAR-10 'truck', causing the closed-set classifier to absorb the unknown with high logit response."
233,near,motorcycle,airplane,-6.7549,-5.2929,1.4619,Semantically Plausible,"Class 'motorcycle' shares strong visual/semantic features with CIFAR-10 'airplane', causing the closed-set classifier to absorb the unknown with high logit response."
752,near,camel,horse,-6.7455,-5.2929,1.4526,Semantically Plausible,"Class 'camel' shares strong visual/semantic features with CIFAR-10 'horse', causing the closed-set classifier to absorb the unknown with high logit response."
497,near,tractor,airplane,-6.7385,-5.2929,1.4456,Surprising Failure,"Class 'tractor' is visually distant from CIFAR-10 'airplane', indicating high-confidence aliasing on background textures, spurious edges, or unconstrained open space."
713,near,wolf,bird,-6.7383,-5.2929,1.4454,Surprising Failure,"Class 'wolf' is visually distant from CIFAR-10 'bird', indicating high-confidence aliasing on background textures, spurious edges, or unconstrained open space."
30,near,fox,cat,-6.7303,-5.2929,1.4374,Semantically Plausible,"Class 'fox' shares strong visual/semantic features with CIFAR-10 'cat', causing the closed-set classifier to absorb the unknown with high logit response."
291,near,wolf,cat,-6.7247,-5.2929,1.4318,Semantically Plausible,"Class 'wolf' shares strong visual/semantic features with CIFAR-10 'cat', causing the closed-set classifier to absorb the unknown with high logit response."
729,near,camel,horse,-6.7105,-5.2929,1.4176,Semantically Plausible,"Class 'camel' shares strong visual/semantic features with CIFAR-10 'horse', causing the closed-set classifier to absorb the unknown with high logit response."
688,near,camel,bird,-6.7098,-5.2929,1.4169,Surprising Failure,"Class 'camel' is visually distant from CIFAR-10 'bird', indicating high-confidence aliasing on background textures, spurious edges, or unconstrained open space."
794,near,wolf,dog,-6.7091,-5.2929,1.4161,Semantically Plausible,"Class 'wolf' shares strong visual/semantic features with CIFAR-10 'dog', causing the closed-set classifier to absorb the unknown with high logit response."
171,near,motorcycle,automobile,-6.7076,-5.2929,1.4147,Semantically Plausible,"Class 'motorcycle' shares strong visual/semantic features with CIFAR-10 'automobile', causing the closed-set classifier to absorb the unknown with high logit response."
457,near,pickup_truck,truck,-6.707,-5.2929,1.414,Semantically Plausible,"Class 'pickup_truck' shares strong visual/semantic features with CIFAR-10 'truck', causing the closed-set classifier to absorb the unknown with high logit response."
518,near,wolf,cat,-6.6869,-5.2929,1.3939,Semantically Plausible,"Class 'wolf' shares strong visual/semantic features with CIFAR-10 'cat', causing the closed-set classifier to absorb the unknown with high logit response."
532,near,fox,dog,-6.6815,-5.2929,1.3886,Semantically Plausible,"Class 'fox' shares strong visual/semantic features with CIFAR-10 'dog', causing the closed-set classifier to absorb the unknown with high logit response."
460,near,camel,horse,-6.6791,-5.2929,1.3861,Semantically Plausible,"Class 'camel' shares strong visual/semantic features with CIFAR-10 'horse', causing the closed-set classifier to absorb the unknown with high logit response."
663,near,leopard,frog,-6.6761,-5.2929,1.3832,Surprising Failure,"Class 'leopard' is visually distant from CIFAR-10 'frog', indicating high-confidence aliasing on background textures, spurious edges, or unconstrained open space."
603,near,motorcycle,automobile,-6.6731,-5.2929,1.3802,Semantically Plausible,"Class 'motorcycle' shares strong visual/semantic features with CIFAR-10 'automobile', causing the closed-set classifier to absorb the unknown with high logit response."
680,near,wolf,cat,-6.6648,-5.2929,1.3719,Semantically Plausible,"Class 'wolf' shares strong visual/semantic features with CIFAR-10 'cat', causing the closed-set classifier to absorb the unknown with high logit response."
93,near,pickup_truck,automobile,-6.6624,-5.2929,1.3695,Semantically Plausible,"Class 'pickup_truck' shares strong visual/semantic features with CIFAR-10 'automobile', causing the closed-set classifier to absorb the unknown with high logit response."
772,near,pickup_truck,automobile,-6.6594,-5.2929,1.3665,Semantically Plausible,"Class 'pickup_truck' shares strong visual/semantic features with CIFAR-10 'automobile', causing the closed-set classifier to absorb the unknown with high logit response."
29,near,fox,cat,-6.6555,-5.2929,1.3625,Semantically Plausible,"Class 'fox' shares strong visual/semantic features with CIFAR-10 'cat', causing the closed-set classifier to absorb the unknown with high logit response."
44,near,leopard,cat,-6.65,-5.2929,1.357,Semantically Plausible,"Class 'leopard' shares strong visual/semantic features with CIFAR-10 'cat', causing the closed-set classifier to absorb the unknown with high logit response."
724,near,bus,bird,-6.6197,-5.2929,1.3268,Surprising Failure,"Class 'bus' is visually distant from CIFAR-10 'bird', indicating high-confidence aliasing on background textures, spurious edges, or unconstrained open space."
470,near,leopard,frog,-6.6163,-5.2929,1.3234,Surprising Failure,"Class 'leopard' is visually distant from CIFAR-10 'frog', indicating high-confidence aliasing on background textures, spurious edges, or unconstrained open space."
15,near,wolf,dog,-6.6122,-5.2929,1.3193,Semantically Plausible,"Class 'wolf' shares strong visual/semantic features with CIFAR-10 'dog', causing the closed-set classifier to absorb the unknown with high logit response."
523,near,wolf,horse,-6.6002,-5.2929,1.3073,Surprising Failure,"Class 'wolf' is visually distant from CIFAR-10 'horse', indicating high-confidence aliasing on background textures, spurious edges, or unconstrained open space."
653,near,fox,cat,-6.5829,-5.2929,1.2899,Semantically Plausible,"Class 'fox' shares strong visual/semantic features with CIFAR-10 'cat', causing the closed-set classifier to absorb the unknown with high logit response."
778,near,tractor,truck,-6.5728,-5.2929,1.2799,Semantically Plausible,"Class 'tractor' shares strong visual/semantic features with CIFAR-10 'truck', causing the closed-set classifier to absorb the unknown with high logit response."
476,near,wolf,deer,-6.568,-5.2929,1.275,Semantically Plausible,"Class 'wolf' shares strong visual/semantic features with CIFAR-10 'deer', causing the closed-set classifier to absorb the unknown with high logit response."
143,near,motorcycle,truck,-6.5611,-5.2929,1.2682,Semantically Plausible,"Class 'motorcycle' shares strong visual/semantic features with CIFAR-10 'truck', causing the closed-set classifier to absorb the unknown with high logit response."
282,near,tractor,truck,-6.5535,-5.2929,1.2606,Semantically Plausible,"Class 'tractor' shares strong visual/semantic features with CIFAR-10 'truck', causing the closed-set classifier to absorb the unknown with high logit response."
87,near,tractor,truck,-6.5331,-5.2929,1.2401,Semantically Plausible,"Class 'tractor' shares strong visual/semantic features with CIFAR-10 'truck', causing the closed-set classifier to absorb the unknown with high logit response."
149,near,wolf,cat,-6.5292,-5.2929,1.2362,Semantically Plausible,"Class 'wolf' shares strong visual/semantic features with CIFAR-10 'cat', causing the closed-set classifier to absorb the unknown with high logit response."
196,near,fox,deer,-6.5229,-5.2929,1.2299,Surprising Failure,"Class 'fox' is visually distant from CIFAR-10 'deer', indicating high-confidence aliasing on background textures, spurious edges, or unconstrained open space."
262,near,bus,deer,-6.5227,-5.2929,1.2298,Surprising Failure,"Class 'bus' is visually distant from CIFAR-10 'deer', indicating high-confidence aliasing on background textures, spurious edges, or unconstrained open space."
521,near,camel,dog,-6.5192,-5.2929,1.2262,Surprising Failure,"Class 'camel' is visually distant from CIFAR-10 'dog', indicating high-confidence aliasing on background textures, spurious edges, or unconstrained open space."
710,near,pickup_truck,airplane,-6.515,-5.2929,1.222,Surprising Failure,"Class 'pickup_truck' is visually distant from CIFAR-10 'airplane', indicating high-confidence aliasing on background textures, spurious edges, or unconstrained open space."
247,near,fox,deer,-6.507,-5.2929,1.214,Surprising Failure,"Class 'fox' is visually distant from CIFAR-10 'deer', indicating high-confidence aliasing on background textures, spurious edges, or unconstrained open space."
224,near,camel,deer,-6.5044,-5.2929,1.2115,Semantically Plausible,"Class 'camel' shares strong visual/semantic features with CIFAR-10 'deer', causing the closed-set classifier to absorb the unknown with high logit response."
564,near,bus,deer,-6.4976,-5.2929,1.2047,Surprising Failure,"Class 'bus' is visually distant from CIFAR-10 'deer', indicating high-confidence aliasing on background textures, spurious edges, or unconstrained open space."
431,near,leopard,bird,-6.4969,-5.2929,1.2039,Surprising Failure,"Class 'leopard' is visually distant from CIFAR-10 'bird', indicating high-confidence aliasing on background textures, spurious edges, or unconstrained open space."
500,near,tractor,truck,-6.4752,-5.2929,1.1822,Semantically Plausible,"Class 'tractor' shares strong visual/semantic features with CIFAR-10 'truck', causing the closed-set classifier to absorb the unknown with high logit response."
208,near,camel,horse,-6.4598,-5.2929,1.1669,Semantically Plausible,"Class 'camel' shares strong visual/semantic features with CIFAR-10 'horse', causing the closed-set classifier to absorb the unknown with high logit response."
8,near,pickup_truck,automobile,-6.4572,-5.2929,1.1643,Semantically Plausible,"Class 'pickup_truck' shares strong visual/semantic features with CIFAR-10 'automobile', causing the closed-set classifier to absorb the unknown with high logit response."
73,near,tractor,truck,-6.4484,-5.2929,1.1554,Semantically Plausible,"Class 'tractor' shares strong visual/semantic features with CIFAR-10 'truck', causing the closed-set classifier to absorb the unknown with high logit response."
422,near,motorcycle,truck,-6.4365,-5.2929,1.1435,Semantically Plausible,"Class 'motorcycle' shares strong visual/semantic features with CIFAR-10 'truck', causing the closed-set classifier to absorb the unknown with high logit response."
351,near,fox,deer,-6.4322,-5.2929,1.1392,Surprising Failure,"Class 'fox' is visually distant from CIFAR-10 'deer', indicating high-confidence aliasing on background textures, spurious edges, or unconstrained open space."
437,near,motorcycle,automobile,-6.427,-5.2929,1.1341,Semantically Plausible,"Class 'motorcycle' shares strong visual/semantic features with CIFAR-10 'automobile', causing the closed-set classifier to absorb the unknown with high logit response."
637,near,pickup_truck,airplane,-6.4206,-5.2929,1.1277,Surprising Failure,"Class 'pickup_truck' is visually distant from CIFAR-10 'airplane', indicating high-confidence aliasing on background textures, spurious edges, or unconstrained open space."
198,near,pickup_truck,truck,-6.4206,-5.2929,1.1276,Semantically Plausible,"Class 'pickup_truck' shares strong visual/semantic features with CIFAR-10 'truck', causing the closed-set classifier to absorb the unknown with high logit response."
723,near,bus,deer,-6.4184,-5.2929,1.1255,Surprising Failure,"Class 'bus' is visually distant from CIFAR-10 'deer', indicating high-confidence aliasing on background textures, spurious edges, or unconstrained open space."
684,near,fox,cat,-6.4139,-5.2929,1.1209,Semantically Plausible,"Class 'fox' shares strong visual/semantic features with CIFAR-10 'cat', causing the closed-set classifier to absorb the unknown with high logit response."
691,near,leopard,frog,-6.4031,-5.2929,1.1102,Surprising Failure,"Class 'leopard' is visually distant from CIFAR-10 'frog', indicating high-confidence aliasing on background textures, spurious edges, or unconstrained open space."
180,near,camel,horse,-6.4029,-5.2929,1.11,Semantically Plausible,"Class 'camel' shares strong visual/semantic features with CIFAR-10 'horse', causing the closed-set classifier to absorb the unknown with high logit response."
67,near,camel,deer,-6.3936,-5.2929,1.1007,Semantically Plausible,"Class 'camel' shares strong visual/semantic features with CIFAR-10 'deer', causing the closed-set classifier to absorb the unknown with high logit response."
751,near,wolf,dog,-6.3708,-5.2929,1.0779,Semantically Plausible,"Class 'wolf' shares strong visual/semantic features with CIFAR-10 'dog', causing the closed-set classifier to absorb the unknown with high logit response."
379,near,leopard,deer,-6.3591,-5.2929,1.0661,Surprising Failure,"Class 'leopard' is visually distant from CIFAR-10 'deer', indicating high-confidence aliasing on background textures, spurious edges, or unconstrained open space."
438,near,camel,horse,-6.3494,-5.2929,1.0564,Semantically Plausible,"Class 'camel' shares strong visual/semantic features with CIFAR-10 'horse', causing the closed-set classifier to absorb the unknown with high logit response."
435,near,leopard,bird,-6.3182,-5.2929,1.0252,Surprising Failure,"Class 'leopard' is visually distant from CIFAR-10 'bird', indicating high-confidence aliasing on background textures, spurious edges, or unconstrained open space."
750,near,motorcycle,automobile,-6.3132,-5.2929,1.0203,Semantically Plausible,"Class 'motorcycle' shares strong visual/semantic features with CIFAR-10 'automobile', causing the closed-set classifier to absorb the unknown with high logit response."
424,near,wolf,cat,-6.31,-5.2929,1.017,Semantically Plausible,"Class 'wolf' shares strong visual/semantic features with CIFAR-10 'cat', causing the closed-set classifier to absorb the unknown with high logit response."
646,near,tractor,truck,-6.299,-5.2929,1.0061,Semantically Plausible,"Class 'tractor' shares strong visual/semantic features with CIFAR-10 'truck', causing the closed-set classifier to absorb the unknown with high logit response."
303,near,leopard,frog,-6.2988,-5.2929,1.0059,Surprising Failure,"Class 'leopard' is visually distant from CIFAR-10 'frog', indicating high-confidence aliasing on background textures, spurious edges, or unconstrained open space."
462,near,tractor,horse,-6.2982,-5.2929,1.0052,Surprising Failure,"Class 'tractor' is visually distant from CIFAR-10 'horse', indicating high-confidence aliasing on background textures, spurious edges, or unconstrained open space."
191,near,pickup_truck,automobile,-6.2757,-5.2929,0.9828,Semantically Plausible,"Class 'pickup_truck' shares strong visual/semantic features with CIFAR-10 'automobile', causing the closed-set classifier to absorb the unknown with high logit response."
722,near,tractor,truck,-6.2717,-5.2929,0.9788,Semantically Plausible,"Class 'tractor' shares strong visual/semantic features with CIFAR-10 'truck', causing the closed-set classifier to absorb the unknown with high logit response."
312,near,fox,deer,-6.2675,-5.2929,0.9746,Surprising Failure,"Class 'fox' is visually distant from CIFAR-10 'deer', indicating high-confidence aliasing on background textures, spurious edges, or unconstrained open space."
154,near,pickup_truck,truck,-6.2591,-5.2929,0.9662,Semantically Plausible,"Class 'pickup_truck' shares strong visual/semantic features with CIFAR-10 'truck', causing the closed-set classifier to absorb the unknown with high logit response."
27,near,tractor,truck,-6.2535,-5.2929,0.9606,Semantically Plausible,"Class 'tractor' shares strong visual/semantic features with CIFAR-10 'truck', causing the closed-set classifier to absorb the unknown with high logit response."
241,near,motorcycle,automobile,-6.2454,-5.2929,0.9525,Semantically Plausible,"Class 'motorcycle' shares strong visual/semantic features with CIFAR-10 'automobile', causing the closed-set classifier to absorb the unknown with high logit response."
151,near,tractor,truck,-6.2369,-5.2929,0.944,Semantically Plausible,"Class 'tractor' shares strong visual/semantic features with CIFAR-10 'truck', causing the closed-set classifier to absorb the unknown with high logit response."
758,near,camel,dog,-6.2227,-5.2929,0.9297,Surprising Failure,"Class 'camel' is visually distant from CIFAR-10 'dog', indicating high-confidence aliasing on background textures, spurious edges, or unconstrained open space."
270,near,pickup_truck,automobile,-6.2215,-5.2929,0.9286,Semantically Plausible,"Class 'pickup_truck' shares strong visual/semantic features with CIFAR-10 'automobile', causing the closed-set classifier to absorb the unknown with high logit response."
560,near,camel,deer,-6.1944,-5.2929,0.9015,Semantically Plausible,"Class 'camel' shares strong visual/semantic features with CIFAR-10 'deer', causing the closed-set classifier to absorb the unknown with high logit response."
667,near,pickup_truck,truck,-6.1885,-5.2929,0.8956,Semantically Plausible,"Class 'pickup_truck' shares strong visual/semantic features with CIFAR-10 'truck', causing the closed-set classifier to absorb the unknown with high logit response."
607,near,leopard,cat,-6.1772,-5.2929,0.8843,Semantically Plausible,"Class 'leopard' shares strong visual/semantic features with CIFAR-10 'cat', causing the closed-set classifier to absorb the unknown with high logit response."
182,near,fox,cat,-6.174,-5.2929,0.8811,Semantically Plausible,"Class 'fox' shares strong visual/semantic features with CIFAR-10 'cat', causing the closed-set classifier to absorb the unknown with high logit response."
799,near,leopard,frog,-6.1665,-5.2929,0.8735,Surprising Failure,"Class 'leopard' is visually distant from CIFAR-10 'frog', indicating high-confidence aliasing on background textures, spurious edges, or unconstrained open space."
295,near,camel,deer,-6.1647,-5.2929,0.8718,Semantically Plausible,"Class 'camel' shares strong visual/semantic features with CIFAR-10 'deer', causing the closed-set classifier to absorb the unknown with high logit response."
513,near,fox,frog,-6.1648,-5.2929,0.8718,Surprising Failure,"Class 'fox' is visually distant from CIFAR-10 'frog', indicating high-confidence aliasing on background textures, spurious edges, or unconstrained open space."
413,near,wolf,dog,-6.1637,-5.2929,0.8708,Semantically Plausible,"Class 'wolf' shares strong visual/semantic features with CIFAR-10 'dog', causing the closed-set classifier to absorb the unknown with high logit response."
25,near,leopard,frog,-6.1621,-5.2929,0.8691,Surprising Failure,"Class 'leopard' is visually distant from CIFAR-10 'frog', indicating high-confidence aliasing on background textures, spurious edges, or unconstrained open space."
223,near,camel,dog,-6.1582,-5.2929,0.8652,Surprising Failure,"Class 'camel' is visually distant from CIFAR-10 'dog', indicating high-confidence aliasing on background textures, spurious edges, or unconstrained open space."
371,near,leopard,deer,-6.1385,-5.2929,0.8456,Surprising Failure,"Class 'leopard' is visually distant from CIFAR-10 'deer', indicating high-confidence aliasing on background textures, spurious edges, or unconstrained open space."
372,near,motorcycle,automobile,-6.1355,-5.2929,0.8426,Semantically Plausible,"Class 'motorcycle' shares strong visual/semantic features with CIFAR-10 'automobile', causing the closed-set classifier to absorb the unknown with high logit response."
697,near,camel,horse,-6.1356,-5.2929,0.8426,Semantically Plausible,"Class 'camel' shares strong visual/semantic features with CIFAR-10 'horse', causing the closed-set classifier to absorb the unknown with high logit response."
214,near,camel,horse,-6.1271,-5.2929,0.8342,Semantically Plausible,"Class 'camel' shares strong visual/semantic features with CIFAR-10 'horse', causing the closed-set classifier to absorb the unknown with high logit response."
706,near,tractor,airplane,-6.1078,-5.2929,0.8148,Surprising Failure,"Class 'tractor' is visually distant from CIFAR-10 'airplane', indicating high-confidence aliasing on background textures, spurious edges, or unconstrained open space."
735,near,bus,horse,-6.1065,-5.2929,0.8136,Surprising Failure,"Class 'bus' is visually distant from CIFAR-10 'horse', indicating high-confidence aliasing on background textures, spurious edges, or unconstrained open space."
749,near,leopard,cat,-6.1033,-5.2929,0.8103,Semantically Plausible,"Class 'leopard' shares strong visual/semantic features with CIFAR-10 'cat', causing the closed-set classifier to absorb the unknown with high logit response."
188,near,fox,deer,-6.0929,-5.2929,0.8,Surprising Failure,"Class 'fox' is visually distant from CIFAR-10 'deer', indicating high-confidence aliasing on background textures, spurious edges, or unconstrained open space."
316,near,leopard,bird,-6.0902,-5.2929,0.7973,Surprising Failure,"Class 'leopard' is visually distant from CIFAR-10 'bird', indicating high-confidence aliasing on background textures, spurious edges, or unconstrained open space."
798,near,tractor,truck,-6.067,-5.2929,0.774,Semantically Plausible,"Class 'tractor' shares strong visual/semantic features with CIFAR-10 'truck', causing the closed-set classifier to absorb the unknown with high logit response."
572,near,camel,horse,-6.0497,-5.2929,0.7567,Semantically Plausible,"Class 'camel' shares strong visual/semantic features with CIFAR-10 'horse', causing the closed-set classifier to absorb the unknown with high logit response."
264,near,motorcycle,automobile,-6.0371,-5.2929,0.7441,Semantically Plausible,"Class 'motorcycle' shares strong visual/semantic features with CIFAR-10 'automobile', causing the closed-set classifier to absorb the unknown with high logit response."
12,near,wolf,cat,-6.0354,-5.2929,0.7425,Semantically Plausible,"Class 'wolf' shares strong visual/semantic features with CIFAR-10 'cat', causing the closed-set classifier to absorb the unknown with high logit response."
561,near,camel,bird,-6.0353,-5.2929,0.7423,Surprising Failure,"Class 'camel' is visually distant from CIFAR-10 'bird', indicating high-confidence aliasing on background textures, spurious edges, or unconstrained open space."
525,near,fox,cat,-6.027,-5.2929,0.734,Semantically Plausible,"Class 'fox' shares strong visual/semantic features with CIFAR-10 'cat', causing the closed-set classifier to absorb the unknown with high logit response."
349,near,tractor,truck,-6.0266,-5.2929,0.7336,Semantically Plausible,"Class 'tractor' shares strong visual/semantic features with CIFAR-10 'truck', causing the closed-set classifier to absorb the unknown with high logit response."
678,near,leopard,deer,-6.0247,-5.2929,0.7318,Surprising Failure,"Class 'leopard' is visually distant from CIFAR-10 'deer', indicating high-confidence aliasing on background textures, spurious edges, or unconstrained open space."
454,near,pickup_truck,automobile,-6.0104,-5.2929,0.7174,Semantically Plausible,"Class 'pickup_truck' shares strong visual/semantic features with CIFAR-10 'automobile', causing the closed-set classifier to absorb the unknown with high logit response."
509,near,wolf,cat,-6.0072,-5.2929,0.7142,Semantically Plausible,"Class 'wolf' shares strong visual/semantic features with CIFAR-10 'cat', causing the closed-set classifier to absorb the unknown with high logit response."
373,near,leopard,bird,-5.9954,-5.2929,0.7024,Surprising Failure,"Class 'leopard' is visually distant from CIFAR-10 'bird', indicating high-confidence aliasing on background textures, spurious edges, or unconstrained open space."
492,near,motorcycle,automobile,-5.9887,-5.2929,0.6958,Semantically Plausible,"Class 'motorcycle' shares strong visual/semantic features with CIFAR-10 'automobile', causing the closed-set classifier to absorb the unknown with high logit response."
72,near,camel,dog,-5.9814,-5.2929,0.6885,Surprising Failure,"Class 'camel' is visually distant from CIFAR-10 'dog', indicating high-confidence aliasing on background textures, spurious edges, or unconstrained open space."
169,near,tractor,truck,-5.9766,-5.2929,0.6837,Semantically Plausible,"Class 'tractor' shares strong visual/semantic features with CIFAR-10 'truck', causing the closed-set classifier to absorb the unknown with high logit response."
228,near,leopard,deer,-5.9757,-5.2929,0.6827,Surprising Failure,"Class 'leopard' is visually distant from CIFAR-10 'deer', indicating high-confidence aliasing on background textures, spurious edges, or unconstrained open space."
368,near,motorcycle,automobile,-5.9753,-5.2929,0.6824,Semantically Plausible,"Class 'motorcycle' shares strong visual/semantic features with CIFAR-10 'automobile', causing the closed-set classifier to absorb the unknown with high logit response."
671,near,bus,cat,-5.9741,-5.2929,0.6811,Surprising Failure,"Class 'bus' is visually distant from CIFAR-10 'cat', indicating high-confidence aliasing on background textures, spurious edges, or unconstrained open space."
618,near,wolf,cat,-5.9558,-5.2929,0.6629,Semantically Plausible,"Class 'wolf' shares strong visual/semantic features with CIFAR-10 'cat', causing the closed-set classifier to absorb the unknown with high logit response."
681,near,tractor,truck,-5.9537,-5.2929,0.6608,Semantically Plausible,"Class 'tractor' shares strong visual/semantic features with CIFAR-10 'truck', causing the closed-set classifier to absorb the unknown with high logit response."
737,near,bus,horse,-5.9277,-5.2929,0.6348,Surprising Failure,"Class 'bus' is visually distant from CIFAR-10 'horse', indicating high-confidence aliasing on background textures, spurious edges, or unconstrained open space."
539,near,tractor,truck,-5.9192,-5.2929,0.6263,Semantically Plausible,"Class 'tractor' shares strong visual/semantic features with CIFAR-10 'truck', causing the closed-set classifier to absorb the unknown with high logit response."
708,near,motorcycle,truck,-5.9015,-5.2929,0.6085,Semantically Plausible,"Class 'motorcycle' shares strong visual/semantic features with CIFAR-10 'truck', causing the closed-set classifier to absorb the unknown with high logit response."
54,near,fox,deer,-5.8951,-5.2929,0.6021,Surprising Failure,"Class 'fox' is visually distant from CIFAR-10 'deer', indicating high-confidence aliasing on background textures, spurious edges, or unconstrained open space."
118,near,motorcycle,automobile,-5.8897,-5.2929,0.5968,Semantically Plausible,"Class 'motorcycle' shares strong visual/semantic features with CIFAR-10 'automobile', causing the closed-set classifier to absorb the unknown with high logit response."
364,near,bus,deer,-5.8863,-5.2929,0.5933,Surprising Failure,"Class 'bus' is visually distant from CIFAR-10 'deer', indicating high-confidence aliasing on background textures, spurious edges, or unconstrained open space."
472,near,wolf,cat,-5.8824,-5.2929,0.5895,Semantically Plausible,"Class 'wolf' shares strong visual/semantic features with CIFAR-10 'cat', causing the closed-set classifier to absorb the unknown with high logit response."
423,near,leopard,cat,-5.8759,-5.2929,0.583,Semantically Plausible,"Class 'leopard' shares strong visual/semantic features with CIFAR-10 'cat', causing the closed-set classifier to absorb the unknown with high logit response."
642,near,fox,dog,-5.8693,-5.2929,0.5764,Semantically Plausible,"Class 'fox' shares strong visual/semantic features with CIFAR-10 'dog', causing the closed-set classifier to absorb the unknown with high logit response."
664,near,bus,horse,-5.8628,-5.2929,0.5698,Surprising Failure,"Class 'bus' is visually distant from CIFAR-10 'horse', indicating high-confidence aliasing on background textures, spurious edges, or unconstrained open space."
263,near,fox,cat,-5.8502,-5.2929,0.5573,Semantically Plausible,"Class 'fox' shares strong visual/semantic features with CIFAR-10 'cat', causing the closed-set classifier to absorb the unknown with high logit response."
622,near,motorcycle,automobile,-5.8478,-5.2929,0.5548,Semantically Plausible,"Class 'motorcycle' shares strong visual/semantic features with CIFAR-10 'automobile', causing the closed-set classifier to absorb the unknown with high logit response."
773,near,bus,horse,-5.8453,-5.2929,0.5524,Surprising Failure,"Class 'bus' is visually distant from CIFAR-10 'horse', indicating high-confidence aliasing on background textures, spurious edges, or unconstrained open space."
284,near,motorcycle,automobile,-5.8453,-5.2929,0.5523,Semantically Plausible,"Class 'motorcycle' shares strong visual/semantic features with CIFAR-10 'automobile', causing the closed-set classifier to absorb the unknown with high logit response."
675,near,motorcycle,automobile,-5.8408,-5.2929,0.5479,Semantically Plausible,"Class 'motorcycle' shares strong visual/semantic features with CIFAR-10 'automobile', causing the closed-set classifier to absorb the unknown with high logit response."
354,near,tractor,truck,-5.8377,-5.2929,0.5447,Semantically Plausible,"Class 'tractor' shares strong visual/semantic features with CIFAR-10 'truck', causing the closed-set classifier to absorb the unknown with high logit response."
571,near,bus,bird,-5.8341,-5.2929,0.5412,Surprising Failure,"Class 'bus' is visually distant from CIFAR-10 'bird', indicating high-confidence aliasing on background textures, spurious edges, or unconstrained open space."
721,near,pickup_truck,automobile,-5.8268,-5.2929,0.5339,Semantically Plausible,"Class 'pickup_truck' shares strong visual/semantic features with CIFAR-10 'automobile', causing the closed-set classifier to absorb the unknown with high logit response."
199,near,tractor,ship,-5.8172,-5.2929,0.5243,Surprising Failure,"Class 'tractor' is visually distant from CIFAR-10 'ship', indicating high-confidence aliasing on background textures, spurious edges, or unconstrained open space."
186,near,bus,horse,-5.8137,-5.2929,0.5207,Surprising Failure,"Class 'bus' is visually distant from CIFAR-10 'horse', indicating high-confidence aliasing on background textures, spurious edges, or unconstrained open space."
702,near,camel,horse,-5.8084,-5.2929,0.5154,Semantically Plausible,"Class 'camel' shares strong visual/semantic features with CIFAR-10 'horse', causing the closed-set classifier to absorb the unknown with high logit response."
2,near,pickup_truck,truck,-5.7979,-5.2929,0.505,Semantically Plausible,"Class 'pickup_truck' shares strong visual/semantic features with CIFAR-10 'truck', causing the closed-set classifier to absorb the unknown with high logit response."
35,near,leopard,frog,-5.7934,-5.2929,0.5005,Surprising Failure,"Class 'leopard' is visually distant from CIFAR-10 'frog', indicating high-confidence aliasing on background textures, spurious edges, or unconstrained open space."
280,near,fox,cat,-5.7927,-5.2929,0.4997,Semantically Plausible,"Class 'fox' shares strong visual/semantic features with CIFAR-10 'cat', causing the closed-set classifier to absorb the unknown with high logit response."
69,near,wolf,cat,-5.7816,-5.2929,0.4887,Semantically Plausible,"Class 'wolf' shares strong visual/semantic features with CIFAR-10 'cat', causing the closed-set classifier to absorb the unknown with high logit response."
418,near,pickup_truck,automobile,-5.7603,-5.2929,0.4674,Semantically Plausible,"Class 'pickup_truck' shares strong visual/semantic features with CIFAR-10 'automobile', causing the closed-set classifier to absorb the unknown with high logit response."
632,near,leopard,dog,-5.7574,-5.2929,0.4644,Semantically Plausible,"Class 'leopard' shares strong visual/semantic features with CIFAR-10 'dog', causing the closed-set classifier to absorb the unknown with high logit response."
394,near,pickup_truck,truck,-5.7444,-5.2929,0.4514,Semantically Plausible,"Class 'pickup_truck' shares strong visual/semantic features with CIFAR-10 'truck', causing the closed-set classifier to absorb the unknown with high logit response."
491,near,wolf,dog,-5.7427,-5.2929,0.4497,Semantically Plausible,"Class 'wolf' shares strong visual/semantic features with CIFAR-10 'dog', causing the closed-set classifier to absorb the unknown with high logit response."
124,near,pickup_truck,automobile,-5.7402,-5.2929,0.4473,Semantically Plausible,"Class 'pickup_truck' shares strong visual/semantic features with CIFAR-10 'automobile', causing the closed-set classifier to absorb the unknown with high logit response."
320,near,wolf,deer,-5.7379,-5.2929,0.4449,Semantically Plausible,"Class 'wolf' shares strong visual/semantic features with CIFAR-10 'deer', causing the closed-set classifier to absorb the unknown with high logit response."
558,near,bus,horse,-5.7296,-5.2929,0.4366,Surprising Failure,"Class 'bus' is visually distant from CIFAR-10 'horse', indicating high-confidence aliasing on background textures, spurious edges, or unconstrained open space."
37,near,pickup_truck,automobile,-5.7185,-5.2929,0.4256,Semantically Plausible,"Class 'pickup_truck' shares strong visual/semantic features with CIFAR-10 'automobile', causing the closed-set classifier to absorb the unknown with high logit response."
429,near,leopard,frog,-5.7087,-5.2929,0.4157,Surprising Failure,"Class 'leopard' is visually distant from CIFAR-10 'frog', indicating high-confidence aliasing on background textures, spurious edges, or unconstrained open space."
781,near,bus,horse,-5.6994,-5.2929,0.4064,Surprising Failure,"Class 'bus' is visually distant from CIFAR-10 'horse', indicating high-confidence aliasing on background textures, spurious edges, or unconstrained open space."
396,near,leopard,cat,-5.6839,-5.2929,0.3909,Semantically Plausible,"Class 'leopard' shares strong visual/semantic features with CIFAR-10 'cat', causing the closed-set classifier to absorb the unknown with high logit response."
45,near,pickup_truck,automobile,-5.6749,-5.2929,0.382,Semantically Plausible,"Class 'pickup_truck' shares strong visual/semantic features with CIFAR-10 'automobile', causing the closed-set classifier to absorb the unknown with high logit response."
310,near,camel,deer,-5.6673,-5.2929,0.3743,Semantically Plausible,"Class 'camel' shares strong visual/semantic features with CIFAR-10 'deer', causing the closed-set classifier to absorb the unknown with high logit response."
578,near,leopard,frog,-5.6578,-5.2929,0.3649,Surprising Failure,"Class 'leopard' is visually distant from CIFAR-10 'frog', indicating high-confidence aliasing on background textures, spurious edges, or unconstrained open space."
336,near,wolf,cat,-5.6448,-5.2929,0.3519,Semantically Plausible,"Class 'wolf' shares strong visual/semantic features with CIFAR-10 'cat', causing the closed-set classifier to absorb the unknown with high logit response."
227,near,tractor,truck,-5.6407,-5.2929,0.3478,Semantically Plausible,"Class 'tractor' shares strong visual/semantic features with CIFAR-10 'truck', causing the closed-set classifier to absorb the unknown with high logit response."
701,near,leopard,cat,-5.6402,-5.2929,0.3473,Semantically Plausible,"Class 'leopard' shares strong visual/semantic features with CIFAR-10 'cat', causing the closed-set classifier to absorb the unknown with high logit response."
19,near,bus,horse,-5.6345,-5.2929,0.3415,Surprising Failure,"Class 'bus' is visually distant from CIFAR-10 'horse', indicating high-confidence aliasing on background textures, spurious edges, or unconstrained open space."
467,near,pickup_truck,truck,-5.6241,-5.2929,0.3311,Semantically Plausible,"Class 'pickup_truck' shares strong visual/semantic features with CIFAR-10 'truck', causing the closed-set classifier to absorb the unknown with high logit response."
83,near,motorcycle,truck,-5.6152,-5.2929,0.3222,Semantically Plausible,"Class 'motorcycle' shares strong visual/semantic features with CIFAR-10 'truck', causing the closed-set classifier to absorb the unknown with high logit response."
587,near,leopard,frog,-5.6149,-5.2929,0.322,Surprising Failure,"Class 'leopard' is visually distant from CIFAR-10 'frog', indicating high-confidence aliasing on background textures, spurious edges, or unconstrained open space."
784,near,motorcycle,horse,-5.6148,-5.2929,0.3219,Surprising Failure,"Class 'motorcycle' is visually distant from CIFAR-10 'horse', indicating high-confidence aliasing on background textures, spurious edges, or unconstrained open space."
102,near,fox,cat,-5.6061,-5.2929,0.3132,Semantically Plausible,"Class 'fox' shares strong visual/semantic features with CIFAR-10 'cat', causing the closed-set classifier to absorb the unknown with high logit response."
747,near,bus,horse,-5.5978,-5.2929,0.3049,Surprising Failure,"Class 'bus' is visually distant from CIFAR-10 'horse', indicating high-confidence aliasing on background textures, spurious edges, or unconstrained open space."
217,near,tractor,airplane,-5.5943,-5.2929,0.3014,Surprising Failure,"Class 'tractor' is visually distant from CIFAR-10 'airplane', indicating high-confidence aliasing on background textures, spurious edges, or unconstrained open space."
147,near,camel,dog,-5.5886,-5.2929,0.2956,Surprising Failure,"Class 'camel' is visually distant from CIFAR-10 'dog', indicating high-confidence aliasing on background textures, spurious edges, or unconstrained open space."
548,near,motorcycle,truck,-5.5877,-5.2929,0.2948,Semantically Plausible,"Class 'motorcycle' shares strong visual/semantic features with CIFAR-10 'truck', causing the closed-set classifier to absorb the unknown with high logit response."
542,near,tractor,truck,-5.585,-5.2929,0.2921,Semantically Plausible,"Class 'tractor' shares strong visual/semantic features with CIFAR-10 'truck', causing the closed-set classifier to absorb the unknown with high logit response."
387,near,leopard,cat,-5.5711,-5.2929,0.2782,Semantically Plausible,"Class 'leopard' shares strong visual/semantic features with CIFAR-10 'cat', causing the closed-set classifier to absorb the unknown with high logit response."
41,near,pickup_truck,truck,-5.5534,-5.2929,0.2604,Semantically Plausible,"Class 'pickup_truck' shares strong visual/semantic features with CIFAR-10 'truck', causing the closed-set classifier to absorb the unknown with high logit response."
659,near,motorcycle,automobile,-5.5468,-5.2929,0.2538,Semantically Plausible,"Class 'motorcycle' shares strong visual/semantic features with CIFAR-10 'automobile', causing the closed-set classifier to absorb the unknown with high logit response."
550,near,pickup_truck,truck,-5.5283,-5.2929,0.2353,Semantically Plausible,"Class 'pickup_truck' shares strong visual/semantic features with CIFAR-10 'truck', causing the closed-set classifier to absorb the unknown with high logit response."
82,near,tractor,truck,-5.5158,-5.2929,0.2229,Semantically Plausible,"Class 'tractor' shares strong visual/semantic features with CIFAR-10 'truck', causing the closed-set classifier to absorb the unknown with high logit response."
226,near,wolf,deer,-5.5158,-5.2929,0.2229,Semantically Plausible,"Class 'wolf' shares strong visual/semantic features with CIFAR-10 'deer', causing the closed-set classifier to absorb the unknown with high logit response."
741,near,leopard,frog,-5.5116,-5.2929,0.2187,Surprising Failure,"Class 'leopard' is visually distant from CIFAR-10 'frog', indicating high-confidence aliasing on background textures, spurious edges, or unconstrained open space."
611,near,bus,horse,-5.5089,-5.2929,0.216,Surprising Failure,"Class 'bus' is visually distant from CIFAR-10 'horse', indicating high-confidence aliasing on background textures, spurious edges, or unconstrained open space."
359,near,camel,bird,-5.5088,-5.2929,0.2159,Surprising Failure,"Class 'camel' is visually distant from CIFAR-10 'bird', indicating high-confidence aliasing on background textures, spurious edges, or unconstrained open space."
616,near,tractor,truck,-5.5085,-5.2929,0.2155,Semantically Plausible,"Class 'tractor' shares strong visual/semantic features with CIFAR-10 'truck', causing the closed-set classifier to absorb the unknown with high logit response."
477,near,motorcycle,airplane,-5.5073,-5.2929,0.2144,Semantically Plausible,"Class 'motorcycle' shares strong visual/semantic features with CIFAR-10 'airplane', causing the closed-set classifier to absorb the unknown with high logit response."
272,near,motorcycle,automobile,-5.507,-5.2929,0.2141,Semantically Plausible,"Class 'motorcycle' shares strong visual/semantic features with CIFAR-10 'automobile', causing the closed-set classifier to absorb the unknown with high logit response."
261,near,leopard,cat,-5.499,-5.2929,0.2061,Semantically Plausible,"Class 'leopard' shares strong visual/semantic features with CIFAR-10 'cat', causing the closed-set classifier to absorb the unknown with high logit response."
109,near,leopard,cat,-5.4949,-5.2929,0.2019,Semantically Plausible,"Class 'leopard' shares strong visual/semantic features with CIFAR-10 'cat', causing the closed-set classifier to absorb the unknown with high logit response."
206,near,tractor,truck,-5.4845,-5.2929,0.1916,Semantically Plausible,"Class 'tractor' shares strong visual/semantic features with CIFAR-10 'truck', causing the closed-set classifier to absorb the unknown with high logit response."
704,near,camel,dog,-5.4714,-5.2929,0.1785,Surprising Failure,"Class 'camel' is visually distant from CIFAR-10 'dog', indicating high-confidence aliasing on background textures, spurious edges, or unconstrained open space."
300,near,fox,dog,-5.4636,-5.2929,0.1706,Semantically Plausible,"Class 'fox' shares strong visual/semantic features with CIFAR-10 'dog', causing the closed-set classifier to absorb the unknown with high logit response."
596,near,fox,horse,-5.4494,-5.2929,0.1564,Surprising Failure,"Class 'fox' is visually distant from CIFAR-10 'horse', indicating high-confidence aliasing on background textures, spurious edges, or unconstrained open space."
293,near,pickup_truck,automobile,-5.4419,-5.2929,0.149,Semantically Plausible,"Class 'pickup_truck' shares strong visual/semantic features with CIFAR-10 'automobile', causing the closed-set classifier to absorb the unknown with high logit response."
645,near,fox,dog,-5.4417,-5.2929,0.1488,Semantically Plausible,"Class 'fox' shares strong visual/semantic features with CIFAR-10 'dog', causing the closed-set classifier to absorb the unknown with high logit response."
464,near,fox,deer,-5.4409,-5.2929,0.148,Surprising Failure,"Class 'fox' is visually distant from CIFAR-10 'deer', indicating high-confidence aliasing on background textures, spurious edges, or unconstrained open space."
170,near,camel,horse,-5.4324,-5.2929,0.1395,Semantically Plausible,"Class 'camel' shares strong visual/semantic features with CIFAR-10 'horse', causing the closed-set classifier to absorb the unknown with high logit response."
249,near,leopard,bird,-5.4288,-5.2929,0.1358,Surprising Failure,"Class 'leopard' is visually distant from CIFAR-10 'bird', indicating high-confidence aliasing on background textures, spurious edges, or unconstrained open space."
442,near,bus,deer,-5.4271,-5.2929,0.1341,Surprising Failure,"Class 'bus' is visually distant from CIFAR-10 'deer', indicating high-confidence aliasing on background textures, spurious edges, or unconstrained open space."
121,near,fox,cat,-5.4255,-5.2929,0.1326,Semantically Plausible,"Class 'fox' shares strong visual/semantic features with CIFAR-10 'cat', causing the closed-set classifier to absorb the unknown with high logit response."
635,near,leopard,cat,-5.4247,-5.2929,0.1318,Semantically Plausible,"Class 'leopard' shares strong visual/semantic features with CIFAR-10 'cat', causing the closed-set classifier to absorb the unknown with high logit response."
202,near,bus,cat,-5.4243,-5.2929,0.1314,Surprising Failure,"Class 'bus' is visually distant from CIFAR-10 'cat', indicating high-confidence aliasing on background textures, spurious edges, or unconstrained open space."
405,near,motorcycle,horse,-5.4198,-5.2929,0.1269,Surprising Failure,"Class 'motorcycle' is visually distant from CIFAR-10 'horse', indicating high-confidence aliasing on background textures, spurious edges, or unconstrained open space."
748,near,wolf,cat,-5.4141,-5.2929,0.1211,Semantically Plausible,"Class 'wolf' shares strong visual/semantic features with CIFAR-10 'cat', causing the closed-set classifier to absorb the unknown with high logit response."
617,near,camel,dog,-5.3971,-5.2929,0.1041,Surprising Failure,"Class 'camel' is visually distant from CIFAR-10 'dog', indicating high-confidence aliasing on background textures, spurious edges, or unconstrained open space."
682,near,camel,deer,-5.3928,-5.2929,0.0999,Semantically Plausible,"Class 'camel' shares strong visual/semantic features with CIFAR-10 'deer', causing the closed-set classifier to absorb the unknown with high logit response."
546,near,tractor,truck,-5.3926,-5.2929,0.0997,Semantically Plausible,"Class 'tractor' shares strong visual/semantic features with CIFAR-10 'truck', causing the closed-set classifier to absorb the unknown with high logit response."
456,near,pickup_truck,automobile,-5.3898,-5.2929,0.0969,Semantically Plausible,"Class 'pickup_truck' shares strong visual/semantic features with CIFAR-10 'automobile', causing the closed-set classifier to absorb the unknown with high logit response."
251,near,bus,dog,-5.3811,-5.2929,0.0882,Surprising Failure,"Class 'bus' is visually distant from CIFAR-10 'dog', indicating high-confidence aliasing on background textures, spurious edges, or unconstrained open space."
692,near,bus,dog,-5.3738,-5.2929,0.0808,Surprising Failure,"Class 'bus' is visually distant from CIFAR-10 'dog', indicating high-confidence aliasing on background textures, spurious edges, or unconstrained open space."
414,near,camel,horse,-5.3674,-5.2929,0.0745,Semantically Plausible,"Class 'camel' shares strong visual/semantic features with CIFAR-10 'horse', causing the closed-set classifier to absorb the unknown with high logit response."
75,near,bus,dog,-5.3666,-5.2929,0.0736,Surprising Failure,"Class 'bus' is visually distant from CIFAR-10 'dog', indicating high-confidence aliasing on background textures, spurious edges, or unconstrained open space."
90,near,motorcycle,cat,-5.3655,-5.2929,0.0725,Surprising Failure,"Class 'motorcycle' is visually distant from CIFAR-10 'cat', indicating high-confidence aliasing on background textures, spurious edges, or unconstrained open space."
485,near,bus,horse,-5.364,-5.2929,0.0711,Surprising Failure,"Class 'bus' is visually distant from CIFAR-10 'horse', indicating high-confidence aliasing on background textures, spurious edges, or unconstrained open space."
597,near,tractor,deer,-5.3614,-5.2929,0.0684,Surprising Failure,"Class 'tractor' is visually distant from CIFAR-10 'deer', indicating high-confidence aliasing on background textures, spurious edges, or unconstrained open space."
55,near,wolf,cat,-5.357,-5.2929,0.0641,Semantically Plausible,"Class 'wolf' shares strong visual/semantic features with CIFAR-10 'cat', causing the closed-set classifier to absorb the unknown with high logit response."
17,near,leopard,frog,-5.351,-5.2929,0.0581,Surprising Failure,"Class 'leopard' is visually distant from CIFAR-10 'frog', indicating high-confidence aliasing on background textures, spurious edges, or unconstrained open space."
135,near,fox,deer,-5.3461,-5.2929,0.0532,Surprising Failure,"Class 'fox' is visually distant from CIFAR-10 'deer', indicating high-confidence aliasing on background textures, spurious edges, or unconstrained open space."
502,near,leopard,cat,-5.3325,-5.2929,0.0396,Semantically Plausible,"Class 'leopard' shares strong visual/semantic features with CIFAR-10 'cat', causing the closed-set classifier to absorb the unknown with high logit response."
337,near,bus,horse,-5.3214,-5.2929,0.0285,Surprising Failure,"Class 'bus' is visually distant from CIFAR-10 'horse', indicating high-confidence aliasing on background textures, spurious edges, or unconstrained open space."
580,near,wolf,cat,-5.3206,-5.2929,0.0277,Semantically Plausible,"Class 'wolf' shares strong visual/semantic features with CIFAR-10 'cat', causing the closed-set classifier to absorb the unknown with high logit response."
20,near,leopard,frog,-5.3179,-5.2929,0.025,Surprising Failure,"Class 'leopard' is visually distant from CIFAR-10 'frog', indicating high-confidence aliasing on background textures, spurious edges, or unconstrained open space."
639,near,bus,deer,-5.3168,-5.2929,0.0238,Surprising Failure,"Class 'bus' is visually distant from CIFAR-10 'deer', indicating high-confidence aliasing on background textures, spurious edges, or unconstrained open space."
689,near,fox,dog,-5.3168,-5.2929,0.0238,Semantically Plausible,"Class 'fox' shares strong visual/semantic features with CIFAR-10 'dog', causing the closed-set classifier to absorb the unknown with high logit response."
488,near,wolf,cat,-5.3147,-5.2929,0.0218,Semantically Plausible,"Class 'wolf' shares strong visual/semantic features with CIFAR-10 'cat', causing the closed-set classifier to absorb the unknown with high logit response."
370,near,motorcycle,truck,-5.3092,-5.2929,0.0163,Semantically Plausible,"Class 'motorcycle' shares strong visual/semantic features with CIFAR-10 'truck', causing the closed-set classifier to absorb the unknown with high logit response."
97,near,camel,horse,-5.2967,-5.2929,0.0037,Semantically Plausible,"Class 'camel' shares strong visual/semantic features with CIFAR-10 'horse', causing the closed-set classifier to absorb the unknown with high logit response."
476,far,sunflower,cat,-15.0684,-5.2929,9.7755,Surprising Failure,"Class 'sunflower' is visually distant from CIFAR-10 'cat', indicating high-confidence aliasing on background textures, spurious edges, or unconstrained open space."
774,far,bowl,ship,-13.3878,-5.2929,8.0949,Semantically Plausible,"Class 'bowl' shares strong visual/semantic features with CIFAR-10 'ship', causing the closed-set classifier to absorb the unknown with high logit response."
692,far,keyboard,airplane,-13.1495,-5.2929,7.8566,Surprising Failure,"Class 'keyboard' is visually distant from CIFAR-10 'airplane', indicating high-confidence aliasing on background textures, spurious edges, or unconstrained open space."
498,far,sunflower,airplane,-12.3246,-5.2929,7.0316,Surprising Failure,"Class 'sunflower' is visually distant from CIFAR-10 'airplane', indicating high-confidence aliasing on background textures, spurious edges, or unconstrained open space."
683,far,sunflower,airplane,-12.3177,-5.2929,7.0248,Surprising Failure,"Class 'sunflower' is visually distant from CIFAR-10 'airplane', indicating high-confidence aliasing on background textures, spurious edges, or unconstrained open space."
326,far,bottle,cat,-12.0876,-5.2929,6.7947,Surprising Failure,"Class 'bottle' is visually distant from CIFAR-10 'cat', indicating high-confidence aliasing on background textures, spurious edges, or unconstrained open space."
295,far,mushroom,frog,-12.0661,-5.2929,6.7731,Semantically Plausible,"Class 'mushroom' shares strong visual/semantic features with CIFAR-10 'frog', causing the closed-set classifier to absorb the unknown with high logit response."
713,far,sunflower,cat,-11.9554,-5.2929,6.6625,Surprising Failure,"Class 'sunflower' is visually distant from CIFAR-10 'cat', indicating high-confidence aliasing on background textures, spurious edges, or unconstrained open space."
264,far,sunflower,cat,-11.3769,-5.2929,6.084,Surprising Failure,"Class 'sunflower' is visually distant from CIFAR-10 'cat', indicating high-confidence aliasing on background textures, spurious edges, or unconstrained open space."
453,far,sunflower,cat,-11.2693,-5.2929,5.9764,Surprising Failure,"Class 'sunflower' is visually distant from CIFAR-10 'cat', indicating high-confidence aliasing on background textures, spurious edges, or unconstrained open space."
489,far,bowl,automobile,-11.2527,-5.2929,5.9598,Surprising Failure,"Class 'bowl' is visually distant from CIFAR-10 'automobile', indicating high-confidence aliasing on background textures, spurious edges, or unconstrained open space."
107,far,wardrobe,truck,-11.0691,-5.2929,5.7762,Surprising Failure,"Class 'wardrobe' is visually distant from CIFAR-10 'truck', indicating high-confidence aliasing on background textures, spurious edges, or unconstrained open space."
686,far,wardrobe,truck,-11.0383,-5.2929,5.7453,Surprising Failure,"Class 'wardrobe' is visually distant from CIFAR-10 'truck', indicating high-confidence aliasing on background textures, spurious edges, or unconstrained open space."
388,far,clock,truck,-10.9749,-5.2929,5.682,Surprising Failure,"Class 'clock' is visually distant from CIFAR-10 'truck', indicating high-confidence aliasing on background textures, spurious edges, or unconstrained open space."
409,far,wardrobe,truck,-10.938,-5.2929,5.6451,Surprising Failure,"Class 'wardrobe' is visually distant from CIFAR-10 'truck', indicating high-confidence aliasing on background textures, spurious edges, or unconstrained open space."
63,far,sunflower,cat,-10.865,-5.2929,5.5721,Surprising Failure,"Class 'sunflower' is visually distant from CIFAR-10 'cat', indicating high-confidence aliasing on background textures, spurious edges, or unconstrained open space."
250,far,sunflower,deer,-10.8443,-5.2929,5.5513,Surprising Failure,"Class 'sunflower' is visually distant from CIFAR-10 'deer', indicating high-confidence aliasing on background textures, spurious edges, or unconstrained open space."
97,far,mushroom,frog,-10.8317,-5.2929,5.5388,Semantically Plausible,"Class 'mushroom' shares strong visual/semantic features with CIFAR-10 'frog', causing the closed-set classifier to absorb the unknown with high logit response."
378,far,bowl,frog,-10.8197,-5.2929,5.5267,Surprising Failure,"Class 'bowl' is visually distant from CIFAR-10 'frog', indicating high-confidence aliasing on background textures, spurious edges, or unconstrained open space."
696,far,keyboard,airplane,-10.7472,-5.2929,5.4542,Surprising Failure,"Class 'keyboard' is visually distant from CIFAR-10 'airplane', indicating high-confidence aliasing on background textures, spurious edges, or unconstrained open space."
271,far,chair,airplane,-10.5671,-5.2929,5.2741,Surprising Failure,"Class 'chair' is visually distant from CIFAR-10 'airplane', indicating high-confidence aliasing on background textures, spurious edges, or unconstrained open space."
517,far,chair,airplane,-10.5255,-5.2929,5.2325,Surprising Failure,"Class 'chair' is visually distant from CIFAR-10 'airplane', indicating high-confidence aliasing on background textures, spurious edges, or unconstrained open space."
755,far,wardrobe,cat,-10.429,-5.2929,5.1361,Surprising Failure,"Class 'wardrobe' is visually distant from CIFAR-10 'cat', indicating high-confidence aliasing on background textures, spurious edges, or unconstrained open space."
710,far,bowl,dog,-10.4003,-5.2929,5.1073,Surprising Failure,"Class 'bowl' is visually distant from CIFAR-10 'dog', indicating high-confidence aliasing on background textures, spurious edges, or unconstrained open space."
240,far,sunflower,cat,-10.3413,-5.2929,5.0484,Surprising Failure,"Class 'sunflower' is visually distant from CIFAR-10 'cat', indicating high-confidence aliasing on background textures, spurious edges, or unconstrained open space."
141,far,mushroom,bird,-10.3412,-5.2929,5.0482,Surprising Failure,"Class 'mushroom' is visually distant from CIFAR-10 'bird', indicating high-confidence aliasing on background textures, spurious edges, or unconstrained open space."
194,far,bowl,frog,-10.3255,-5.2929,5.0325,Surprising Failure,"Class 'bowl' is visually distant from CIFAR-10 'frog', indicating high-confidence aliasing on background textures, spurious edges, or unconstrained open space."
557,far,clock,cat,-10.2466,-5.2929,4.9536,Surprising Failure,"Class 'clock' is visually distant from CIFAR-10 'cat', indicating high-confidence aliasing on background textures, spurious edges, or unconstrained open space."
51,far,keyboard,bird,-10.2425,-5.2929,4.9495,Surprising Failure,"Class 'keyboard' is visually distant from CIFAR-10 'bird', indicating high-confidence aliasing on background textures, spurious edges, or unconstrained open space."
5,far,bowl,truck,-10.2403,-5.2929,4.9474,Surprising Failure,"Class 'bowl' is visually distant from CIFAR-10 'truck', indicating high-confidence aliasing on background textures, spurious edges, or unconstrained open space."
280,far,mushroom,bird,-10.1388,-5.2929,4.8458,Surprising Failure,"Class 'mushroom' is visually distant from CIFAR-10 'bird', indicating high-confidence aliasing on background textures, spurious edges, or unconstrained open space."
275,far,mushroom,frog,-10.1244,-5.2929,4.8314,Semantically Plausible,"Class 'mushroom' shares strong visual/semantic features with CIFAR-10 'frog', causing the closed-set classifier to absorb the unknown with high logit response."
715,far,chair,bird,-10.1226,-5.2929,4.8297,Surprising Failure,"Class 'chair' is visually distant from CIFAR-10 'bird', indicating high-confidence aliasing on background textures, spurious edges, or unconstrained open space."
777,far,bowl,frog,-10.004,-5.2929,4.711,Surprising Failure,"Class 'bowl' is visually distant from CIFAR-10 'frog', indicating high-confidence aliasing on background textures, spurious edges, or unconstrained open space."
791,far,bowl,airplane,-9.9383,-5.2929,4.6453,Surprising Failure,"Class 'bowl' is visually distant from CIFAR-10 'airplane', indicating high-confidence aliasing on background textures, spurious edges, or unconstrained open space."
775,far,clock,bird,-9.9058,-5.2929,4.6129,Surprising Failure,"Class 'clock' is visually distant from CIFAR-10 'bird', indicating high-confidence aliasing on background textures, spurious edges, or unconstrained open space."
238,far,wardrobe,truck,-9.9026,-5.2929,4.6097,Surprising Failure,"Class 'wardrobe' is visually distant from CIFAR-10 'truck', indicating high-confidence aliasing on background textures, spurious edges, or unconstrained open space."
504,far,wardrobe,truck,-9.8876,-5.2929,4.5947,Surprising Failure,"Class 'wardrobe' is visually distant from CIFAR-10 'truck', indicating high-confidence aliasing on background textures, spurious edges, or unconstrained open space."
245,far,chair,airplane,-9.8711,-5.2929,4.5782,Surprising Failure,"Class 'chair' is visually distant from CIFAR-10 'airplane', indicating high-confidence aliasing on background textures, spurious edges, or unconstrained open space."
267,far,keyboard,truck,-9.8628,-5.2929,4.5698,Surprising Failure,"Class 'keyboard' is visually distant from CIFAR-10 'truck', indicating high-confidence aliasing on background textures, spurious edges, or unconstrained open space."
322,far,wardrobe,truck,-9.8621,-5.2929,4.5692,Surprising Failure,"Class 'wardrobe' is visually distant from CIFAR-10 'truck', indicating high-confidence aliasing on background textures, spurious edges, or unconstrained open space."
460,far,wardrobe,cat,-9.7956,-5.2929,4.5026,Surprising Failure,"Class 'wardrobe' is visually distant from CIFAR-10 'cat', indicating high-confidence aliasing on background textures, spurious edges, or unconstrained open space."
319,far,bowl,ship,-9.7813,-5.2929,4.4884,Semantically Plausible,"Class 'bowl' shares strong visual/semantic features with CIFAR-10 'ship', causing the closed-set classifier to absorb the unknown with high logit response."
40,far,bowl,automobile,-9.7806,-5.2929,4.4876,Surprising Failure,"Class 'bowl' is visually distant from CIFAR-10 'automobile', indicating high-confidence aliasing on background textures, spurious edges, or unconstrained open space."
335,far,mushroom,frog,-9.7557,-5.2929,4.4627,Semantically Plausible,"Class 'mushroom' shares strong visual/semantic features with CIFAR-10 'frog', causing the closed-set classifier to absorb the unknown with high logit response."
631,far,chair,truck,-9.7286,-5.2929,4.4356,Surprising Failure,"Class 'chair' is visually distant from CIFAR-10 'truck', indicating high-confidence aliasing on background textures, spurious edges, or unconstrained open space."
339,far,wardrobe,cat,-9.705,-5.2929,4.4121,Surprising Failure,"Class 'wardrobe' is visually distant from CIFAR-10 'cat', indicating high-confidence aliasing on background textures, spurious edges, or unconstrained open space."
187,far,sunflower,automobile,-9.6729,-5.2929,4.38,Surprising Failure,"Class 'sunflower' is visually distant from CIFAR-10 'automobile', indicating high-confidence aliasing on background textures, spurious edges, or unconstrained open space."
219,far,mushroom,bird,-9.6542,-5.2929,4.3613,Surprising Failure,"Class 'mushroom' is visually distant from CIFAR-10 'bird', indicating high-confidence aliasing on background textures, spurious edges, or unconstrained open space."
529,far,wardrobe,truck,-9.6183,-5.2929,4.3254,Surprising Failure,"Class 'wardrobe' is visually distant from CIFAR-10 'truck', indicating high-confidence aliasing on background textures, spurious edges, or unconstrained open space."
797,far,sunflower,truck,-9.6101,-5.2929,4.3172,Surprising Failure,"Class 'sunflower' is visually distant from CIFAR-10 'truck', indicating high-confidence aliasing on background textures, spurious edges, or unconstrained open space."
314,far,bowl,cat,-9.5999,-5.2929,4.307,Surprising Failure,"Class 'bowl' is visually distant from CIFAR-10 'cat', indicating high-confidence aliasing on background textures, spurious edges, or unconstrained open space."
717,far,mushroom,bird,-9.5658,-5.2929,4.2728,Surprising Failure,"Class 'mushroom' is visually distant from CIFAR-10 'bird', indicating high-confidence aliasing on background textures, spurious edges, or unconstrained open space."
607,far,wardrobe,truck,-9.5565,-5.2929,4.2636,Surprising Failure,"Class 'wardrobe' is visually distant from CIFAR-10 'truck', indicating high-confidence aliasing on background textures, spurious edges, or unconstrained open space."
733,far,keyboard,airplane,-9.5516,-5.2929,4.2586,Surprising Failure,"Class 'keyboard' is visually distant from CIFAR-10 'airplane', indicating high-confidence aliasing on background textures, spurious edges, or unconstrained open space."
350,far,clock,cat,-9.5486,-5.2929,4.2557,Surprising Failure,"Class 'clock' is visually distant from CIFAR-10 'cat', indicating high-confidence aliasing on background textures, spurious edges, or unconstrained open space."
103,far,bottle,truck,-9.5105,-5.2929,4.2175,Surprising Failure,"Class 'bottle' is visually distant from CIFAR-10 'truck', indicating high-confidence aliasing on background textures, spurious edges, or unconstrained open space."
254,far,sunflower,cat,-9.4803,-5.2929,4.1873,Surprising Failure,"Class 'sunflower' is visually distant from CIFAR-10 'cat', indicating high-confidence aliasing on background textures, spurious edges, or unconstrained open space."
60,far,wardrobe,truck,-9.4641,-5.2929,4.1712,Surprising Failure,"Class 'wardrobe' is visually distant from CIFAR-10 'truck', indicating high-confidence aliasing on background textures, spurious edges, or unconstrained open space."
32,far,bowl,cat,-9.4061,-5.2929,4.1131,Surprising Failure,"Class 'bowl' is visually distant from CIFAR-10 'cat', indicating high-confidence aliasing on background textures, spurious edges, or unconstrained open space."
151,far,bowl,cat,-9.3796,-5.2929,4.0866,Surprising Failure,"Class 'bowl' is visually distant from CIFAR-10 'cat', indicating high-confidence aliasing on background textures, spurious edges, or unconstrained open space."
162,far,clock,automobile,-9.3618,-5.2929,4.0688,Surprising Failure,"Class 'clock' is visually distant from CIFAR-10 'automobile', indicating high-confidence aliasing on background textures, spurious edges, or unconstrained open space."
338,far,wardrobe,cat,-9.3362,-5.2929,4.0433,Surprising Failure,"Class 'wardrobe' is visually distant from CIFAR-10 'cat', indicating high-confidence aliasing on background textures, spurious edges, or unconstrained open space."
440,far,wardrobe,truck,-9.3147,-5.2929,4.0218,Surprising Failure,"Class 'wardrobe' is visually distant from CIFAR-10 'truck', indicating high-confidence aliasing on background textures, spurious edges, or unconstrained open space."
426,far,mushroom,cat,-9.3094,-5.2929,4.0165,Surprising Failure,"Class 'mushroom' is visually distant from CIFAR-10 'cat', indicating high-confidence aliasing on background textures, spurious edges, or unconstrained open space."
81,far,wardrobe,cat,-9.2997,-5.2929,4.0067,Surprising Failure,"Class 'wardrobe' is visually distant from CIFAR-10 'cat', indicating high-confidence aliasing on background textures, spurious edges, or unconstrained open space."
315,far,bowl,cat,-9.2951,-5.2929,4.0021,Surprising Failure,"Class 'bowl' is visually distant from CIFAR-10 'cat', indicating high-confidence aliasing on background textures, spurious edges, or unconstrained open space."
394,far,sunflower,truck,-9.2745,-5.2929,3.9816,Surprising Failure,"Class 'sunflower' is visually distant from CIFAR-10 'truck', indicating high-confidence aliasing on background textures, spurious edges, or unconstrained open space."
627,far,bottle,cat,-9.2289,-5.2929,3.9359,Surprising Failure,"Class 'bottle' is visually distant from CIFAR-10 'cat', indicating high-confidence aliasing on background textures, spurious edges, or unconstrained open space."
217,far,mushroom,bird,-9.2087,-5.2929,3.9158,Surprising Failure,"Class 'mushroom' is visually distant from CIFAR-10 'bird', indicating high-confidence aliasing on background textures, spurious edges, or unconstrained open space."
91,far,bottle,cat,-9.199,-5.2929,3.9061,Surprising Failure,"Class 'bottle' is visually distant from CIFAR-10 'cat', indicating high-confidence aliasing on background textures, spurious edges, or unconstrained open space."
745,far,mushroom,bird,-9.1934,-5.2929,3.9005,Surprising Failure,"Class 'mushroom' is visually distant from CIFAR-10 'bird', indicating high-confidence aliasing on background textures, spurious edges, or unconstrained open space."
536,far,chair,airplane,-9.1734,-5.2929,3.8804,Surprising Failure,"Class 'chair' is visually distant from CIFAR-10 'airplane', indicating high-confidence aliasing on background textures, spurious edges, or unconstrained open space."
523,far,keyboard,cat,-9.1554,-5.2929,3.8624,Surprising Failure,"Class 'keyboard' is visually distant from CIFAR-10 'cat', indicating high-confidence aliasing on background textures, spurious edges, or unconstrained open space."
535,far,clock,automobile,-9.1165,-5.2929,3.8235,Surprising Failure,"Class 'clock' is visually distant from CIFAR-10 'automobile', indicating high-confidence aliasing on background textures, spurious edges, or unconstrained open space."
545,far,mushroom,bird,-9.1092,-5.2929,3.8163,Surprising Failure,"Class 'mushroom' is visually distant from CIFAR-10 'bird', indicating high-confidence aliasing on background textures, spurious edges, or unconstrained open space."
383,far,wardrobe,cat,-9.1077,-5.2929,3.8147,Surprising Failure,"Class 'wardrobe' is visually distant from CIFAR-10 'cat', indicating high-confidence aliasing on background textures, spurious edges, or unconstrained open space."
158,far,wardrobe,truck,-9.093,-5.2929,3.8001,Surprising Failure,"Class 'wardrobe' is visually distant from CIFAR-10 'truck', indicating high-confidence aliasing on background textures, spurious edges, or unconstrained open space."
17,far,bottle,ship,-9.0734,-5.2929,3.7805,Semantically Plausible,"Class 'bottle' shares strong visual/semantic features with CIFAR-10 'ship', causing the closed-set classifier to absorb the unknown with high logit response."
621,far,bottle,cat,-9.0701,-5.2929,3.7771,Surprising Failure,"Class 'bottle' is visually distant from CIFAR-10 'cat', indicating high-confidence aliasing on background textures, spurious edges, or unconstrained open space."
349,far,wardrobe,cat,-9.0536,-5.2929,3.7606,Surprising Failure,"Class 'wardrobe' is visually distant from CIFAR-10 'cat', indicating high-confidence aliasing on background textures, spurious edges, or unconstrained open space."
603,far,mushroom,dog,-9.0081,-5.2929,3.7152,Surprising Failure,"Class 'mushroom' is visually distant from CIFAR-10 'dog', indicating high-confidence aliasing on background textures, spurious edges, or unconstrained open space."
569,far,wardrobe,truck,-8.9807,-5.2929,3.6878,Surprising Failure,"Class 'wardrobe' is visually distant from CIFAR-10 'truck', indicating high-confidence aliasing on background textures, spurious edges, or unconstrained open space."
90,far,sunflower,airplane,-8.9163,-5.2929,3.6234,Surprising Failure,"Class 'sunflower' is visually distant from CIFAR-10 'airplane', indicating high-confidence aliasing on background textures, spurious edges, or unconstrained open space."
31,far,wardrobe,truck,-8.9121,-5.2929,3.6192,Surprising Failure,"Class 'wardrobe' is visually distant from CIFAR-10 'truck', indicating high-confidence aliasing on background textures, spurious edges, or unconstrained open space."
655,far,mushroom,bird,-8.9107,-5.2929,3.6177,Surprising Failure,"Class 'mushroom' is visually distant from CIFAR-10 'bird', indicating high-confidence aliasing on background textures, spurious edges, or unconstrained open space."
522,far,keyboard,bird,-8.9086,-5.2929,3.6157,Surprising Failure,"Class 'keyboard' is visually distant from CIFAR-10 'bird', indicating high-confidence aliasing on background textures, spurious edges, or unconstrained open space."
39,far,clock,cat,-8.884,-5.2929,3.591,Surprising Failure,"Class 'clock' is visually distant from CIFAR-10 'cat', indicating high-confidence aliasing on background textures, spurious edges, or unconstrained open space."
756,far,mushroom,cat,-8.8792,-5.2929,3.5863,Surprising Failure,"Class 'mushroom' is visually distant from CIFAR-10 'cat', indicating high-confidence aliasing on background textures, spurious edges, or unconstrained open space."
50,far,clock,ship,-8.8714,-5.2929,3.5785,Surprising Failure,"Class 'clock' is visually distant from CIFAR-10 'ship', indicating high-confidence aliasing on background textures, spurious edges, or unconstrained open space."
419,far,wardrobe,cat,-8.8396,-5.2929,3.5467,Surprising Failure,"Class 'wardrobe' is visually distant from CIFAR-10 'cat', indicating high-confidence aliasing on background textures, spurious edges, or unconstrained open space."
203,far,wardrobe,truck,-8.8109,-5.2929,3.5179,Surprising Failure,"Class 'wardrobe' is visually distant from CIFAR-10 'truck', indicating high-confidence aliasing on background textures, spurious edges, or unconstrained open space."
767,far,sunflower,truck,-8.8038,-5.2929,3.5109,Surprising Failure,"Class 'sunflower' is visually distant from CIFAR-10 'truck', indicating high-confidence aliasing on background textures, spurious edges, or unconstrained open space."
128,far,clock,truck,-8.7972,-5.2929,3.5043,Surprising Failure,"Class 'clock' is visually distant from CIFAR-10 'truck', indicating high-confidence aliasing on background textures, spurious edges, or unconstrained open space."
357,far,bowl,cat,-8.7628,-5.2929,3.4698,Surprising Failure,"Class 'bowl' is visually distant from CIFAR-10 'cat', indicating high-confidence aliasing on background textures, spurious edges, or unconstrained open space."
25,far,bowl,cat,-8.7382,-5.2929,3.4452,Surprising Failure,"Class 'bowl' is visually distant from CIFAR-10 'cat', indicating high-confidence aliasing on background textures, spurious edges, or unconstrained open space."
340,far,wardrobe,truck,-8.6774,-5.2929,3.3845,Surprising Failure,"Class 'wardrobe' is visually distant from CIFAR-10 'truck', indicating high-confidence aliasing on background textures, spurious edges, or unconstrained open space."
587,far,sunflower,airplane,-8.6747,-5.2929,3.3817,Surprising Failure,"Class 'sunflower' is visually distant from CIFAR-10 'airplane', indicating high-confidence aliasing on background textures, spurious edges, or unconstrained open space."
288,far,wardrobe,cat,-8.6704,-5.2929,3.3775,Surprising Failure,"Class 'wardrobe' is visually distant from CIFAR-10 'cat', indicating high-confidence aliasing on background textures, spurious edges, or unconstrained open space."
222,far,bowl,cat,-8.6593,-5.2929,3.3663,Surprising Failure,"Class 'bowl' is visually distant from CIFAR-10 'cat', indicating high-confidence aliasing on background textures, spurious edges, or unconstrained open space."
27,far,bottle,ship,-8.6445,-5.2929,3.3516,Semantically Plausible,"Class 'bottle' shares strong visual/semantic features with CIFAR-10 'ship', causing the closed-set classifier to absorb the unknown with high logit response."
348,far,chair,frog,-8.6381,-5.2929,3.3451,Surprising Failure,"Class 'chair' is visually distant from CIFAR-10 'frog', indicating high-confidence aliasing on background textures, spurious edges, or unconstrained open space."
562,far,mushroom,bird,-8.6218,-5.2929,3.3288,Surprising Failure,"Class 'mushroom' is visually distant from CIFAR-10 'bird', indicating high-confidence aliasing on background textures, spurious edges, or unconstrained open space."
20,far,wardrobe,cat,-8.6076,-5.2929,3.3146,Surprising Failure,"Class 'wardrobe' is visually distant from CIFAR-10 'cat', indicating high-confidence aliasing on background textures, spurious edges, or unconstrained open space."
365,far,bottle,cat,-8.5997,-5.2929,3.3067,Surprising Failure,"Class 'bottle' is visually distant from CIFAR-10 'cat', indicating high-confidence aliasing on background textures, spurious edges, or unconstrained open space."
302,far,keyboard,cat,-8.5871,-5.2929,3.2941,Surprising Failure,"Class 'keyboard' is visually distant from CIFAR-10 'cat', indicating high-confidence aliasing on background textures, spurious edges, or unconstrained open space."
377,far,wardrobe,cat,-8.5796,-5.2929,3.2867,Surprising Failure,"Class 'wardrobe' is visually distant from CIFAR-10 'cat', indicating high-confidence aliasing on background textures, spurious edges, or unconstrained open space."
463,far,clock,airplane,-8.5618,-5.2929,3.2689,Surprising Failure,"Class 'clock' is visually distant from CIFAR-10 'airplane', indicating high-confidence aliasing on background textures, spurious edges, or unconstrained open space."
519,far,bowl,cat,-8.5241,-5.2929,3.2312,Surprising Failure,"Class 'bowl' is visually distant from CIFAR-10 'cat', indicating high-confidence aliasing on background textures, spurious edges, or unconstrained open space."
641,far,mushroom,frog,-8.5215,-5.2929,3.2286,Semantically Plausible,"Class 'mushroom' shares strong visual/semantic features with CIFAR-10 'frog', causing the closed-set classifier to absorb the unknown with high logit response."
769,far,bottle,ship,-8.5209,-5.2929,3.228,Semantically Plausible,"Class 'bottle' shares strong visual/semantic features with CIFAR-10 'ship', causing the closed-set classifier to absorb the unknown with high logit response."
305,far,mushroom,cat,-8.5021,-5.2929,3.2091,Surprising Failure,"Class 'mushroom' is visually distant from CIFAR-10 'cat', indicating high-confidence aliasing on background textures, spurious edges, or unconstrained open space."
528,far,wardrobe,truck,-8.4932,-5.2929,3.2003,Surprising Failure,"Class 'wardrobe' is visually distant from CIFAR-10 'truck', indicating high-confidence aliasing on background textures, spurious edges, or unconstrained open space."
659,far,wardrobe,truck,-8.4758,-5.2929,3.1828,Surprising Failure,"Class 'wardrobe' is visually distant from CIFAR-10 'truck', indicating high-confidence aliasing on background textures, spurious edges, or unconstrained open space."
479,far,mushroom,cat,-8.4609,-5.2929,3.168,Surprising Failure,"Class 'mushroom' is visually distant from CIFAR-10 'cat', indicating high-confidence aliasing on background textures, spurious edges, or unconstrained open space."
703,far,wardrobe,truck,-8.4514,-5.2929,3.1585,Surprising Failure,"Class 'wardrobe' is visually distant from CIFAR-10 'truck', indicating high-confidence aliasing on background textures, spurious edges, or unconstrained open space."
596,far,chair,airplane,-8.4373,-5.2929,3.1443,Surprising Failure,"Class 'chair' is visually distant from CIFAR-10 'airplane', indicating high-confidence aliasing on background textures, spurious edges, or unconstrained open space."
345,far,wardrobe,truck,-8.4339,-5.2929,3.141,Surprising Failure,"Class 'wardrobe' is visually distant from CIFAR-10 'truck', indicating high-confidence aliasing on background textures, spurious edges, or unconstrained open space."
57,far,wardrobe,cat,-8.4326,-5.2929,3.1397,Surprising Failure,"Class 'wardrobe' is visually distant from CIFAR-10 'cat', indicating high-confidence aliasing on background textures, spurious edges, or unconstrained open space."
119,far,wardrobe,truck,-8.4182,-5.2929,3.1253,Surprising Failure,"Class 'wardrobe' is visually distant from CIFAR-10 'truck', indicating high-confidence aliasing on background textures, spurious edges, or unconstrained open space."
705,far,mushroom,frog,-8.4183,-5.2929,3.1253,Semantically Plausible,"Class 'mushroom' shares strong visual/semantic features with CIFAR-10 'frog', causing the closed-set classifier to absorb the unknown with high logit response."
644,far,wardrobe,cat,-8.3537,-5.2929,3.0608,Surprising Failure,"Class 'wardrobe' is visually distant from CIFAR-10 'cat', indicating high-confidence aliasing on background textures, spurious edges, or unconstrained open space."
120,far,bottle,ship,-8.3373,-5.2929,3.0443,Semantically Plausible,"Class 'bottle' shares strong visual/semantic features with CIFAR-10 'ship', causing the closed-set classifier to absorb the unknown with high logit response."
648,far,bottle,cat,-8.3317,-5.2929,3.0387,Surprising Failure,"Class 'bottle' is visually distant from CIFAR-10 'cat', indicating high-confidence aliasing on background textures, spurious edges, or unconstrained open space."
175,far,wardrobe,truck,-8.2877,-5.2929,2.9947,Surprising Failure,"Class 'wardrobe' is visually distant from CIFAR-10 'truck', indicating high-confidence aliasing on background textures, spurious edges, or unconstrained open space."
108,far,clock,automobile,-8.2651,-5.2929,2.9721,Surprising Failure,"Class 'clock' is visually distant from CIFAR-10 'automobile', indicating high-confidence aliasing on background textures, spurious edges, or unconstrained open space."
410,far,wardrobe,cat,-8.2624,-5.2929,2.9695,Surprising Failure,"Class 'wardrobe' is visually distant from CIFAR-10 'cat', indicating high-confidence aliasing on background textures, spurious edges, or unconstrained open space."
171,far,chair,airplane,-8.1849,-5.2929,2.892,Surprising Failure,"Class 'chair' is visually distant from CIFAR-10 'airplane', indicating high-confidence aliasing on background textures, spurious edges, or unconstrained open space."
134,far,keyboard,airplane,-8.166,-5.2929,2.873,Surprising Failure,"Class 'keyboard' is visually distant from CIFAR-10 'airplane', indicating high-confidence aliasing on background textures, spurious edges, or unconstrained open space."
638,far,wardrobe,cat,-8.1501,-5.2929,2.8572,Surprising Failure,"Class 'wardrobe' is visually distant from CIFAR-10 'cat', indicating high-confidence aliasing on background textures, spurious edges, or unconstrained open space."
547,far,bowl,frog,-8.1331,-5.2929,2.8402,Surprising Failure,"Class 'bowl' is visually distant from CIFAR-10 'frog', indicating high-confidence aliasing on background textures, spurious edges, or unconstrained open space."
760,far,wardrobe,cat,-8.0841,-5.2929,2.7912,Surprising Failure,"Class 'wardrobe' is visually distant from CIFAR-10 'cat', indicating high-confidence aliasing on background textures, spurious edges, or unconstrained open space."
482,far,bottle,cat,-8.0719,-5.2929,2.779,Surprising Failure,"Class 'bottle' is visually distant from CIFAR-10 'cat', indicating high-confidence aliasing on background textures, spurious edges, or unconstrained open space."
74,far,bottle,cat,-8.032,-5.2929,2.7391,Surprising Failure,"Class 'bottle' is visually distant from CIFAR-10 'cat', indicating high-confidence aliasing on background textures, spurious edges, or unconstrained open space."
468,far,keyboard,airplane,-8.0314,-5.2929,2.7385,Surprising Failure,"Class 'keyboard' is visually distant from CIFAR-10 'airplane', indicating high-confidence aliasing on background textures, spurious edges, or unconstrained open space."
544,far,keyboard,truck,-8.01,-5.2929,2.7171,Surprising Failure,"Class 'keyboard' is visually distant from CIFAR-10 'truck', indicating high-confidence aliasing on background textures, spurious edges, or unconstrained open space."
693,far,bottle,cat,-7.9929,-5.2929,2.7,Surprising Failure,"Class 'bottle' is visually distant from CIFAR-10 'cat', indicating high-confidence aliasing on background textures, spurious edges, or unconstrained open space."
541,far,keyboard,truck,-7.9841,-5.2929,2.6911,Surprising Failure,"Class 'keyboard' is visually distant from CIFAR-10 'truck', indicating high-confidence aliasing on background textures, spurious edges, or unconstrained open space."
629,far,wardrobe,truck,-7.9761,-5.2929,2.6832,Surprising Failure,"Class 'wardrobe' is visually distant from CIFAR-10 'truck', indicating high-confidence aliasing on background textures, spurious edges, or unconstrained open space."
277,far,chair,airplane,-7.9668,-5.2929,2.6738,Surprising Failure,"Class 'chair' is visually distant from CIFAR-10 'airplane', indicating high-confidence aliasing on background textures, spurious edges, or unconstrained open space."
457,far,wardrobe,truck,-7.9497,-5.2929,2.6568,Surprising Failure,"Class 'wardrobe' is visually distant from CIFAR-10 'truck', indicating high-confidence aliasing on background textures, spurious edges, or unconstrained open space."
507,far,mushroom,cat,-7.9452,-5.2929,2.6523,Surprising Failure,"Class 'mushroom' is visually distant from CIFAR-10 'cat', indicating high-confidence aliasing on background textures, spurious edges, or unconstrained open space."
252,far,wardrobe,truck,-7.9448,-5.2929,2.6518,Surprising Failure,"Class 'wardrobe' is visually distant from CIFAR-10 'truck', indicating high-confidence aliasing on background textures, spurious edges, or unconstrained open space."
716,far,mushroom,dog,-7.8881,-5.2929,2.5952,Surprising Failure,"Class 'mushroom' is visually distant from CIFAR-10 'dog', indicating high-confidence aliasing on background textures, spurious edges, or unconstrained open space."
780,far,chair,airplane,-7.8743,-5.2929,2.5814,Surprising Failure,"Class 'chair' is visually distant from CIFAR-10 'airplane', indicating high-confidence aliasing on background textures, spurious edges, or unconstrained open space."
543,far,bowl,cat,-7.8741,-5.2929,2.5811,Surprising Failure,"Class 'bowl' is visually distant from CIFAR-10 'cat', indicating high-confidence aliasing on background textures, spurious edges, or unconstrained open space."
611,far,mushroom,frog,-7.8706,-5.2929,2.5777,Semantically Plausible,"Class 'mushroom' shares strong visual/semantic features with CIFAR-10 'frog', causing the closed-set classifier to absorb the unknown with high logit response."
273,far,chair,airplane,-7.8651,-5.2929,2.5722,Surprising Failure,"Class 'chair' is visually distant from CIFAR-10 'airplane', indicating high-confidence aliasing on background textures, spurious edges, or unconstrained open space."
148,far,mushroom,frog,-7.8617,-5.2929,2.5688,Semantically Plausible,"Class 'mushroom' shares strong visual/semantic features with CIFAR-10 'frog', causing the closed-set classifier to absorb the unknown with high logit response."
695,far,keyboard,truck,-7.8545,-5.2929,2.5616,Surprising Failure,"Class 'keyboard' is visually distant from CIFAR-10 'truck', indicating high-confidence aliasing on background textures, spurious edges, or unconstrained open space."
666,far,sunflower,airplane,-7.835,-5.2929,2.5421,Surprising Failure,"Class 'sunflower' is visually distant from CIFAR-10 'airplane', indicating high-confidence aliasing on background textures, spurious edges, or unconstrained open space."
165,far,bottle,bird,-7.8307,-5.2929,2.5377,Surprising Failure,"Class 'bottle' is visually distant from CIFAR-10 'bird', indicating high-confidence aliasing on background textures, spurious edges, or unconstrained open space."
2,far,chair,airplane,-7.8035,-5.2929,2.5105,Surprising Failure,"Class 'chair' is visually distant from CIFAR-10 'airplane', indicating high-confidence aliasing on background textures, spurious edges, or unconstrained open space."
259,far,wardrobe,truck,-7.8033,-5.2929,2.5103,Surprising Failure,"Class 'wardrobe' is visually distant from CIFAR-10 'truck', indicating high-confidence aliasing on background textures, spurious edges, or unconstrained open space."
274,far,bowl,bird,-7.7835,-5.2929,2.4905,Surprising Failure,"Class 'bowl' is visually distant from CIFAR-10 'bird', indicating high-confidence aliasing on background textures, spurious edges, or unconstrained open space."
382,far,sunflower,bird,-7.78,-5.2929,2.487,Surprising Failure,"Class 'sunflower' is visually distant from CIFAR-10 'bird', indicating high-confidence aliasing on background textures, spurious edges, or unconstrained open space."
449,far,wardrobe,cat,-7.7639,-5.2929,2.4709,Surprising Failure,"Class 'wardrobe' is visually distant from CIFAR-10 'cat', indicating high-confidence aliasing on background textures, spurious edges, or unconstrained open space."
367,far,sunflower,airplane,-7.759,-5.2929,2.4661,Surprising Failure,"Class 'sunflower' is visually distant from CIFAR-10 'airplane', indicating high-confidence aliasing on background textures, spurious edges, or unconstrained open space."
354,far,wardrobe,truck,-7.7511,-5.2929,2.4581,Surprising Failure,"Class 'wardrobe' is visually distant from CIFAR-10 'truck', indicating high-confidence aliasing on background textures, spurious edges, or unconstrained open space."
83,far,mushroom,bird,-7.7505,-5.2929,2.4575,Surprising Failure,"Class 'mushroom' is visually distant from CIFAR-10 'bird', indicating high-confidence aliasing on background textures, spurious edges, or unconstrained open space."
358,far,sunflower,dog,-7.7277,-5.2929,2.4348,Surprising Failure,"Class 'sunflower' is visually distant from CIFAR-10 'dog', indicating high-confidence aliasing on background textures, spurious edges, or unconstrained open space."
67,far,bowl,cat,-7.6855,-5.2929,2.3925,Surprising Failure,"Class 'bowl' is visually distant from CIFAR-10 'cat', indicating high-confidence aliasing on background textures, spurious edges, or unconstrained open space."
61,far,bowl,frog,-7.641,-5.2929,2.3481,Surprising Failure,"Class 'bowl' is visually distant from CIFAR-10 'frog', indicating high-confidence aliasing on background textures, spurious edges, or unconstrained open space."
301,far,keyboard,airplane,-7.6194,-5.2929,2.3264,Surprising Failure,"Class 'keyboard' is visually distant from CIFAR-10 'airplane', indicating high-confidence aliasing on background textures, spurious edges, or unconstrained open space."
665,far,clock,truck,-7.6191,-5.2929,2.3262,Surprising Failure,"Class 'clock' is visually distant from CIFAR-10 'truck', indicating high-confidence aliasing on background textures, spurious edges, or unconstrained open space."
540,far,clock,bird,-7.6169,-5.2929,2.3239,Surprising Failure,"Class 'clock' is visually distant from CIFAR-10 'bird', indicating high-confidence aliasing on background textures, spurious edges, or unconstrained open space."
736,far,sunflower,truck,-7.606,-5.2929,2.3131,Surprising Failure,"Class 'sunflower' is visually distant from CIFAR-10 'truck', indicating high-confidence aliasing on background textures, spurious edges, or unconstrained open space."
727,far,wardrobe,truck,-7.5739,-5.2929,2.281,Surprising Failure,"Class 'wardrobe' is visually distant from CIFAR-10 'truck', indicating high-confidence aliasing on background textures, spurious edges, or unconstrained open space."
768,far,sunflower,ship,-7.5612,-5.2929,2.2682,Surprising Failure,"Class 'sunflower' is visually distant from CIFAR-10 'ship', indicating high-confidence aliasing on background textures, spurious edges, or unconstrained open space."
785,far,wardrobe,cat,-7.5564,-5.2929,2.2635,Surprising Failure,"Class 'wardrobe' is visually distant from CIFAR-10 'cat', indicating high-confidence aliasing on background textures, spurious edges, or unconstrained open space."
355,far,chair,airplane,-7.5435,-5.2929,2.2506,Surprising Failure,"Class 'chair' is visually distant from CIFAR-10 'airplane', indicating high-confidence aliasing on background textures, spurious edges, or unconstrained open space."
11,far,chair,cat,-7.5248,-5.2929,2.2319,Surprising Failure,"Class 'chair' is visually distant from CIFAR-10 'cat', indicating high-confidence aliasing on background textures, spurious edges, or unconstrained open space."
661,far,keyboard,cat,-7.5175,-5.2929,2.2246,Surprising Failure,"Class 'keyboard' is visually distant from CIFAR-10 'cat', indicating high-confidence aliasing on background textures, spurious edges, or unconstrained open space."
738,far,bottle,truck,-7.4986,-5.2929,2.2057,Surprising Failure,"Class 'bottle' is visually distant from CIFAR-10 'truck', indicating high-confidence aliasing on background textures, spurious edges, or unconstrained open space."
227,far,wardrobe,cat,-7.4945,-5.2929,2.2015,Surprising Failure,"Class 'wardrobe' is visually distant from CIFAR-10 'cat', indicating high-confidence aliasing on background textures, spurious edges, or unconstrained open space."
443,far,sunflower,truck,-7.4681,-5.2929,2.1752,Surprising Failure,"Class 'sunflower' is visually distant from CIFAR-10 'truck', indicating high-confidence aliasing on background textures, spurious edges, or unconstrained open space."
114,far,mushroom,bird,-7.4646,-5.2929,2.1716,Surprising Failure,"Class 'mushroom' is visually distant from CIFAR-10 'bird', indicating high-confidence aliasing on background textures, spurious edges, or unconstrained open space."
294,far,mushroom,bird,-7.4501,-5.2929,2.1571,Surprising Failure,"Class 'mushroom' is visually distant from CIFAR-10 'bird', indicating high-confidence aliasing on background textures, spurious edges, or unconstrained open space."
737,far,bottle,bird,-7.4274,-5.2929,2.1344,Surprising Failure,"Class 'bottle' is visually distant from CIFAR-10 'bird', indicating high-confidence aliasing on background textures, spurious edges, or unconstrained open space."
230,far,bowl,cat,-7.4161,-5.2929,2.1231,Surprising Failure,"Class 'bowl' is visually distant from CIFAR-10 'cat', indicating high-confidence aliasing on background textures, spurious edges, or unconstrained open space."
84,far,bowl,frog,-7.4154,-5.2929,2.1224,Surprising Failure,"Class 'bowl' is visually distant from CIFAR-10 'frog', indicating high-confidence aliasing on background textures, spurious edges, or unconstrained open space."
653,far,bowl,cat,-7.3993,-5.2929,2.1063,Surprising Failure,"Class 'bowl' is visually distant from CIFAR-10 'cat', indicating high-confidence aliasing on background textures, spurious edges, or unconstrained open space."
356,far,wardrobe,cat,-7.3947,-5.2929,2.1017,Surprising Failure,"Class 'wardrobe' is visually distant from CIFAR-10 'cat', indicating high-confidence aliasing on background textures, spurious edges, or unconstrained open space."
497,far,keyboard,airplane,-7.3866,-5.2929,2.0936,Surprising Failure,"Class 'keyboard' is visually distant from CIFAR-10 'airplane', indicating high-confidence aliasing on background textures, spurious edges, or unconstrained open space."
361,far,sunflower,frog,-7.3863,-5.2929,2.0934,Surprising Failure,"Class 'sunflower' is visually distant from CIFAR-10 'frog', indicating high-confidence aliasing on background textures, spurious edges, or unconstrained open space."
450,far,keyboard,frog,-7.3861,-5.2929,2.0932,Surprising Failure,"Class 'keyboard' is visually distant from CIFAR-10 'frog', indicating high-confidence aliasing on background textures, spurious edges, or unconstrained open space."
690,far,sunflower,airplane,-7.3734,-5.2929,2.0805,Surprising Failure,"Class 'sunflower' is visually distant from CIFAR-10 'airplane', indicating high-confidence aliasing on background textures, spurious edges, or unconstrained open space."
188,far,mushroom,bird,-7.3708,-5.2929,2.0778,Surprising Failure,"Class 'mushroom' is visually distant from CIFAR-10 'bird', indicating high-confidence aliasing on background textures, spurious edges, or unconstrained open space."
33,far,wardrobe,cat,-7.3683,-5.2929,2.0753,Surprising Failure,"Class 'wardrobe' is visually distant from CIFAR-10 'cat', indicating high-confidence aliasing on background textures, spurious edges, or unconstrained open space."
323,far,keyboard,cat,-7.3666,-5.2929,2.0736,Surprising Failure,"Class 'keyboard' is visually distant from CIFAR-10 'cat', indicating high-confidence aliasing on background textures, spurious edges, or unconstrained open space."
260,far,chair,airplane,-7.3342,-5.2929,2.0413,Surprising Failure,"Class 'chair' is visually distant from CIFAR-10 'airplane', indicating high-confidence aliasing on background textures, spurious edges, or unconstrained open space."
534,far,clock,ship,-7.3013,-5.2929,2.0084,Surprising Failure,"Class 'clock' is visually distant from CIFAR-10 'ship', indicating high-confidence aliasing on background textures, spurious edges, or unconstrained open space."
618,far,bowl,airplane,-7.2883,-5.2929,1.9953,Surprising Failure,"Class 'bowl' is visually distant from CIFAR-10 'airplane', indicating high-confidence aliasing on background textures, spurious edges, or unconstrained open space."
127,far,sunflower,cat,-7.2817,-5.2929,1.9887,Surprising Failure,"Class 'sunflower' is visually distant from CIFAR-10 'cat', indicating high-confidence aliasing on background textures, spurious edges, or unconstrained open space."
226,far,chair,airplane,-7.2759,-5.2929,1.983,Surprising Failure,"Class 'chair' is visually distant from CIFAR-10 'airplane', indicating high-confidence aliasing on background textures, spurious edges, or unconstrained open space."
332,far,wardrobe,truck,-7.2636,-5.2929,1.9706,Surprising Failure,"Class 'wardrobe' is visually distant from CIFAR-10 'truck', indicating high-confidence aliasing on background textures, spurious edges, or unconstrained open space."
55,far,wardrobe,cat,-7.2552,-5.2929,1.9623,Surprising Failure,"Class 'wardrobe' is visually distant from CIFAR-10 'cat', indicating high-confidence aliasing on background textures, spurious edges, or unconstrained open space."
263,far,clock,automobile,-7.2496,-5.2929,1.9566,Surprising Failure,"Class 'clock' is visually distant from CIFAR-10 'automobile', indicating high-confidence aliasing on background textures, spurious edges, or unconstrained open space."
133,far,wardrobe,cat,-7.2408,-5.2929,1.9479,Surprising Failure,"Class 'wardrobe' is visually distant from CIFAR-10 'cat', indicating high-confidence aliasing on background textures, spurious edges, or unconstrained open space."
636,far,wardrobe,truck,-7.2224,-5.2929,1.9295,Surprising Failure,"Class 'wardrobe' is visually distant from CIFAR-10 'truck', indicating high-confidence aliasing on background textures, spurious edges, or unconstrained open space."
135,far,chair,airplane,-7.2059,-5.2929,1.913,Surprising Failure,"Class 'chair' is visually distant from CIFAR-10 'airplane', indicating high-confidence aliasing on background textures, spurious edges, or unconstrained open space."
26,far,wardrobe,truck,-7.2057,-5.2929,1.9127,Surprising Failure,"Class 'wardrobe' is visually distant from CIFAR-10 'truck', indicating high-confidence aliasing on background textures, spurious edges, or unconstrained open space."
707,far,clock,automobile,-7.203,-5.2929,1.91,Surprising Failure,"Class 'clock' is visually distant from CIFAR-10 'automobile', indicating high-confidence aliasing on background textures, spurious edges, or unconstrained open space."
116,far,mushroom,bird,-7.1779,-5.2929,1.885,Surprising Failure,"Class 'mushroom' is visually distant from CIFAR-10 'bird', indicating high-confidence aliasing on background textures, spurious edges, or unconstrained open space."
447,far,bowl,frog,-7.177,-5.2929,1.8841,Surprising Failure,"Class 'bowl' is visually distant from CIFAR-10 'frog', indicating high-confidence aliasing on background textures, spurious edges, or unconstrained open space."
36,far,bowl,cat,-7.1681,-5.2929,1.8751,Surprising Failure,"Class 'bowl' is visually distant from CIFAR-10 'cat', indicating high-confidence aliasing on background textures, spurious edges, or unconstrained open space."
193,far,bowl,bird,-7.1656,-5.2929,1.8727,Surprising Failure,"Class 'bowl' is visually distant from CIFAR-10 'bird', indicating high-confidence aliasing on background textures, spurious edges, or unconstrained open space."
310,far,keyboard,bird,-7.1644,-5.2929,1.8715,Surprising Failure,"Class 'keyboard' is visually distant from CIFAR-10 'bird', indicating high-confidence aliasing on background textures, spurious edges, or unconstrained open space."
573,far,wardrobe,cat,-7.1502,-5.2929,1.8572,Surprising Failure,"Class 'wardrobe' is visually distant from CIFAR-10 'cat', indicating high-confidence aliasing on background textures, spurious edges, or unconstrained open space."
48,far,sunflower,cat,-7.1447,-5.2929,1.8518,Surprising Failure,"Class 'sunflower' is visually distant from CIFAR-10 'cat', indicating high-confidence aliasing on background textures, spurious edges, or unconstrained open space."
45,far,bowl,ship,-7.1208,-5.2929,1.8278,Semantically Plausible,"Class 'bowl' shares strong visual/semantic features with CIFAR-10 'ship', causing the closed-set classifier to absorb the unknown with high logit response."
751,far,wardrobe,truck,-7.1078,-5.2929,1.8148,Surprising Failure,"Class 'wardrobe' is visually distant from CIFAR-10 'truck', indicating high-confidence aliasing on background textures, spurious edges, or unconstrained open space."
42,far,chair,truck,-7.0957,-5.2929,1.8028,Surprising Failure,"Class 'chair' is visually distant from CIFAR-10 'truck', indicating high-confidence aliasing on background textures, spurious edges, or unconstrained open space."
461,far,chair,airplane,-7.0618,-5.2929,1.7689,Surprising Failure,"Class 'chair' is visually distant from CIFAR-10 'airplane', indicating high-confidence aliasing on background textures, spurious edges, or unconstrained open space."
671,far,bowl,frog,-7.0494,-5.2929,1.7564,Surprising Failure,"Class 'bowl' is visually distant from CIFAR-10 'frog', indicating high-confidence aliasing on background textures, spurious edges, or unconstrained open space."
214,far,keyboard,truck,-7.0466,-5.2929,1.7536,Surprising Failure,"Class 'keyboard' is visually distant from CIFAR-10 'truck', indicating high-confidence aliasing on background textures, spurious edges, or unconstrained open space."
789,far,keyboard,cat,-7.045,-5.2929,1.7521,Surprising Failure,"Class 'keyboard' is visually distant from CIFAR-10 'cat', indicating high-confidence aliasing on background textures, spurious edges, or unconstrained open space."
385,far,chair,airplane,-7.0319,-5.2929,1.739,Surprising Failure,"Class 'chair' is visually distant from CIFAR-10 'airplane', indicating high-confidence aliasing on background textures, spurious edges, or unconstrained open space."
674,far,clock,cat,-7.0191,-5.2929,1.7262,Surprising Failure,"Class 'clock' is visually distant from CIFAR-10 'cat', indicating high-confidence aliasing on background textures, spurious edges, or unconstrained open space."
513,far,chair,airplane,-7.0098,-5.2929,1.7168,Surprising Failure,"Class 'chair' is visually distant from CIFAR-10 'airplane', indicating high-confidence aliasing on background textures, spurious edges, or unconstrained open space."
612,far,bottle,truck,-7.0084,-5.2929,1.7155,Surprising Failure,"Class 'bottle' is visually distant from CIFAR-10 'truck', indicating high-confidence aliasing on background textures, spurious edges, or unconstrained open space."
106,far,bowl,dog,-6.9849,-5.2929,1.6919,Surprising Failure,"Class 'bowl' is visually distant from CIFAR-10 'dog', indicating high-confidence aliasing on background textures, spurious edges, or unconstrained open space."
537,far,clock,cat,-6.9799,-5.2929,1.6869,Surprising Failure,"Class 'clock' is visually distant from CIFAR-10 'cat', indicating high-confidence aliasing on background textures, spurious edges, or unconstrained open space."
412,far,mushroom,deer,-6.975,-5.2929,1.6821,Surprising Failure,"Class 'mushroom' is visually distant from CIFAR-10 'deer', indicating high-confidence aliasing on background textures, spurious edges, or unconstrained open space."
582,far,bottle,ship,-6.9673,-5.2929,1.6744,Semantically Plausible,"Class 'bottle' shares strong visual/semantic features with CIFAR-10 'ship', causing the closed-set classifier to absorb the unknown with high logit response."
28,far,bowl,frog,-6.9639,-5.2929,1.6709,Surprising Failure,"Class 'bowl' is visually distant from CIFAR-10 'frog', indicating high-confidence aliasing on background textures, spurious edges, or unconstrained open space."
53,far,wardrobe,cat,-6.9474,-5.2929,1.6545,Surprising Failure,"Class 'wardrobe' is visually distant from CIFAR-10 'cat', indicating high-confidence aliasing on background textures, spurious edges, or unconstrained open space."
225,far,bowl,dog,-6.9413,-5.2929,1.6484,Surprising Failure,"Class 'bowl' is visually distant from CIFAR-10 'dog', indicating high-confidence aliasing on background textures, spurious edges, or unconstrained open space."
181,far,clock,cat,-6.9357,-5.2929,1.6428,Surprising Failure,"Class 'clock' is visually distant from CIFAR-10 'cat', indicating high-confidence aliasing on background textures, spurious edges, or unconstrained open space."
312,far,wardrobe,truck,-6.9301,-5.2929,1.6371,Surprising Failure,"Class 'wardrobe' is visually distant from CIFAR-10 'truck', indicating high-confidence aliasing on background textures, spurious edges, or unconstrained open space."
656,far,sunflower,airplane,-6.9256,-5.2929,1.6327,Surprising Failure,"Class 'sunflower' is visually distant from CIFAR-10 'airplane', indicating high-confidence aliasing on background textures, spurious edges, or unconstrained open space."
469,far,chair,airplane,-6.8941,-5.2929,1.6011,Surprising Failure,"Class 'chair' is visually distant from CIFAR-10 'airplane', indicating high-confidence aliasing on background textures, spurious edges, or unconstrained open space."
59,far,clock,automobile,-6.8933,-5.2929,1.6004,Surprising Failure,"Class 'clock' is visually distant from CIFAR-10 'automobile', indicating high-confidence aliasing on background textures, spurious edges, or unconstrained open space."
228,far,keyboard,truck,-6.8923,-5.2929,1.5994,Surprising Failure,"Class 'keyboard' is visually distant from CIFAR-10 'truck', indicating high-confidence aliasing on background textures, spurious edges, or unconstrained open space."
531,far,wardrobe,truck,-6.8886,-5.2929,1.5956,Surprising Failure,"Class 'wardrobe' is visually distant from CIFAR-10 'truck', indicating high-confidence aliasing on background textures, spurious edges, or unconstrained open space."
202,far,bottle,cat,-6.8798,-5.2929,1.5869,Surprising Failure,"Class 'bottle' is visually distant from CIFAR-10 'cat', indicating high-confidence aliasing on background textures, spurious edges, or unconstrained open space."
105,far,wardrobe,cat,-6.878,-5.2929,1.5851,Surprising Failure,"Class 'wardrobe' is visually distant from CIFAR-10 'cat', indicating high-confidence aliasing on background textures, spurious edges, or unconstrained open space."
359,far,chair,airplane,-6.8747,-5.2929,1.5818,Surprising Failure,"Class 'chair' is visually distant from CIFAR-10 'airplane', indicating high-confidence aliasing on background textures, spurious edges, or unconstrained open space."
21,far,wardrobe,truck,-6.873,-5.2929,1.5801,Surprising Failure,"Class 'wardrobe' is visually distant from CIFAR-10 'truck', indicating high-confidence aliasing on background textures, spurious edges, or unconstrained open space."
121,far,chair,airplane,-6.8685,-5.2929,1.5755,Surprising Failure,"Class 'chair' is visually distant from CIFAR-10 'airplane', indicating high-confidence aliasing on background textures, spurious edges, or unconstrained open space."
176,far,chair,bird,-6.8597,-5.2929,1.5667,Surprising Failure,"Class 'chair' is visually distant from CIFAR-10 'bird', indicating high-confidence aliasing on background textures, spurious edges, or unconstrained open space."
215,far,chair,truck,-6.8573,-5.2929,1.5644,Surprising Failure,"Class 'chair' is visually distant from CIFAR-10 'truck', indicating high-confidence aliasing on background textures, spurious edges, or unconstrained open space."
726,far,mushroom,cat,-6.8346,-5.2929,1.5417,Surprising Failure,"Class 'mushroom' is visually distant from CIFAR-10 'cat', indicating high-confidence aliasing on background textures, spurious edges, or unconstrained open space."
586,far,chair,airplane,-6.8291,-5.2929,1.5362,Surprising Failure,"Class 'chair' is visually distant from CIFAR-10 'airplane', indicating high-confidence aliasing on background textures, spurious edges, or unconstrained open space."
261,far,chair,airplane,-6.8138,-5.2929,1.5209,Surprising Failure,"Class 'chair' is visually distant from CIFAR-10 'airplane', indicating high-confidence aliasing on background textures, spurious edges, or unconstrained open space."
290,far,sunflower,cat,-6.8105,-5.2929,1.5176,Surprising Failure,"Class 'sunflower' is visually distant from CIFAR-10 'cat', indicating high-confidence aliasing on background textures, spurious edges, or unconstrained open space."
650,far,keyboard,cat,-6.802,-5.2929,1.5091,Surprising Failure,"Class 'keyboard' is visually distant from CIFAR-10 'cat', indicating high-confidence aliasing on background textures, spurious edges, or unconstrained open space."
93,far,mushroom,bird,-6.7922,-5.2929,1.4993,Surprising Failure,"Class 'mushroom' is visually distant from CIFAR-10 'bird', indicating high-confidence aliasing on background textures, spurious edges, or unconstrained open space."
247,far,bottle,cat,-6.7784,-5.2929,1.4855,Surprising Failure,"Class 'bottle' is visually distant from CIFAR-10 'cat', indicating high-confidence aliasing on background textures, spurious edges, or unconstrained open space."
472,far,wardrobe,cat,-6.7744,-5.2929,1.4815,Surprising Failure,"Class 'wardrobe' is visually distant from CIFAR-10 'cat', indicating high-confidence aliasing on background textures, spurious edges, or unconstrained open space."
792,far,mushroom,deer,-6.7721,-5.2929,1.4791,Surprising Failure,"Class 'mushroom' is visually distant from CIFAR-10 'deer', indicating high-confidence aliasing on background textures, spurious edges, or unconstrained open space."
430,far,clock,automobile,-6.7622,-5.2929,1.4693,Surprising Failure,"Class 'clock' is visually distant from CIFAR-10 'automobile', indicating high-confidence aliasing on background textures, spurious edges, or unconstrained open space."
145,far,clock,frog,-6.7612,-5.2929,1.4683,Surprising Failure,"Class 'clock' is visually distant from CIFAR-10 'frog', indicating high-confidence aliasing on background textures, spurious edges, or unconstrained open space."
454,far,mushroom,deer,-6.7562,-5.2929,1.4633,Surprising Failure,"Class 'mushroom' is visually distant from CIFAR-10 'deer', indicating high-confidence aliasing on background textures, spurious edges, or unconstrained open space."
58,far,keyboard,deer,-6.7436,-5.2929,1.4506,Surprising Failure,"Class 'keyboard' is visually distant from CIFAR-10 'deer', indicating high-confidence aliasing on background textures, spurious edges, or unconstrained open space."
371,far,wardrobe,cat,-6.7315,-5.2929,1.4386,Surprising Failure,"Class 'wardrobe' is visually distant from CIFAR-10 'cat', indicating high-confidence aliasing on background textures, spurious edges, or unconstrained open space."
362,far,clock,truck,-6.7209,-5.2929,1.428,Surprising Failure,"Class 'clock' is visually distant from CIFAR-10 'truck', indicating high-confidence aliasing on background textures, spurious edges, or unconstrained open space."
206,far,chair,airplane,-6.7064,-5.2929,1.4135,Surprising Failure,"Class 'chair' is visually distant from CIFAR-10 'airplane', indicating high-confidence aliasing on background textures, spurious edges, or unconstrained open space."
234,far,bottle,ship,-6.6935,-5.2929,1.4006,Semantically Plausible,"Class 'bottle' shares strong visual/semantic features with CIFAR-10 'ship', causing the closed-set classifier to absorb the unknown with high logit response."
282,far,bowl,frog,-6.6909,-5.2929,1.3979,Surprising Failure,"Class 'bowl' is visually distant from CIFAR-10 'frog', indicating high-confidence aliasing on background textures, spurious edges, or unconstrained open space."
771,far,chair,airplane,-6.6616,-5.2929,1.3686,Surprising Failure,"Class 'chair' is visually distant from CIFAR-10 'airplane', indicating high-confidence aliasing on background textures, spurious edges, or unconstrained open space."
590,far,clock,ship,-6.6609,-5.2929,1.368,Surprising Failure,"Class 'clock' is visually distant from CIFAR-10 'ship', indicating high-confidence aliasing on background textures, spurious edges, or unconstrained open space."
213,far,wardrobe,truck,-6.6585,-5.2929,1.3656,Surprising Failure,"Class 'wardrobe' is visually distant from CIFAR-10 'truck', indicating high-confidence aliasing on background textures, spurious edges, or unconstrained open space."
757,far,wardrobe,horse,-6.6576,-5.2929,1.3646,Surprising Failure,"Class 'wardrobe' is visually distant from CIFAR-10 'horse', indicating high-confidence aliasing on background textures, spurious edges, or unconstrained open space."
10,far,bowl,dog,-6.634,-5.2929,1.3411,Surprising Failure,"Class 'bowl' is visually distant from CIFAR-10 'dog', indicating high-confidence aliasing on background textures, spurious edges, or unconstrained open space."
320,far,wardrobe,cat,-6.5957,-5.2929,1.3027,Surprising Failure,"Class 'wardrobe' is visually distant from CIFAR-10 'cat', indicating high-confidence aliasing on background textures, spurious edges, or unconstrained open space."
704,far,sunflower,cat,-6.5922,-5.2929,1.2993,Surprising Failure,"Class 'sunflower' is visually distant from CIFAR-10 'cat', indicating high-confidence aliasing on background textures, spurious edges, or unconstrained open space."
3,far,clock,automobile,-6.585,-5.2929,1.2921,Surprising Failure,"Class 'clock' is visually distant from CIFAR-10 'automobile', indicating high-confidence aliasing on background textures, spurious edges, or unconstrained open space."
552,far,sunflower,cat,-6.5796,-5.2929,1.2867,Surprising Failure,"Class 'sunflower' is visually distant from CIFAR-10 'cat', indicating high-confidence aliasing on background textures, spurious edges, or unconstrained open space."
608,far,mushroom,frog,-6.5698,-5.2929,1.2768,Semantically Plausible,"Class 'mushroom' shares strong visual/semantic features with CIFAR-10 'frog', causing the closed-set classifier to absorb the unknown with high logit response."
433,far,mushroom,bird,-6.5648,-5.2929,1.2719,Surprising Failure,"Class 'mushroom' is visually distant from CIFAR-10 'bird', indicating high-confidence aliasing on background textures, spurious edges, or unconstrained open space."
484,far,bottle,truck,-6.5603,-5.2929,1.2673,Surprising Failure,"Class 'bottle' is visually distant from CIFAR-10 'truck', indicating high-confidence aliasing on background textures, spurious edges, or unconstrained open space."
491,far,wardrobe,truck,-6.5562,-5.2929,1.2633,Surprising Failure,"Class 'wardrobe' is visually distant from CIFAR-10 'truck', indicating high-confidence aliasing on background textures, spurious edges, or unconstrained open space."
186,far,clock,automobile,-6.554,-5.2929,1.261,Surprising Failure,"Class 'clock' is visually distant from CIFAR-10 'automobile', indicating high-confidence aliasing on background textures, spurious edges, or unconstrained open space."
672,far,bowl,automobile,-6.5276,-5.2929,1.2347,Surprising Failure,"Class 'bowl' is visually distant from CIFAR-10 'automobile', indicating high-confidence aliasing on background textures, spurious edges, or unconstrained open space."
400,far,sunflower,cat,-6.5256,-5.2929,1.2326,Surprising Failure,"Class 'sunflower' is visually distant from CIFAR-10 'cat', indicating high-confidence aliasing on background textures, spurious edges, or unconstrained open space."
14,far,chair,truck,-6.5191,-5.2929,1.2261,Surprising Failure,"Class 'chair' is visually distant from CIFAR-10 'truck', indicating high-confidence aliasing on background textures, spurious edges, or unconstrained open space."
293,far,keyboard,frog,-6.505,-5.2929,1.212,Surprising Failure,"Class 'keyboard' is visually distant from CIFAR-10 'frog', indicating high-confidence aliasing on background textures, spurious edges, or unconstrained open space."
521,far,clock,cat,-6.4909,-5.2929,1.198,Surprising Failure,"Class 'clock' is visually distant from CIFAR-10 'cat', indicating high-confidence aliasing on background textures, spurious edges, or unconstrained open space."
496,far,keyboard,cat,-6.4875,-5.2929,1.1945,Surprising Failure,"Class 'keyboard' is visually distant from CIFAR-10 'cat', indicating high-confidence aliasing on background textures, spurious edges, or unconstrained open space."
195,far,bottle,automobile,-6.4815,-5.2929,1.1886,Surprising Failure,"Class 'bottle' is visually distant from CIFAR-10 'automobile', indicating high-confidence aliasing on background textures, spurious edges, or unconstrained open space."
329,far,bottle,cat,-6.4664,-5.2929,1.1735,Surprising Failure,"Class 'bottle' is visually distant from CIFAR-10 'cat', indicating high-confidence aliasing on background textures, spurious edges, or unconstrained open space."
637,far,wardrobe,truck,-6.4643,-5.2929,1.1713,Surprising Failure,"Class 'wardrobe' is visually distant from CIFAR-10 'truck', indicating high-confidence aliasing on background textures, spurious edges, or unconstrained open space."
610,far,clock,automobile,-6.4637,-5.2929,1.1708,Surprising Failure,"Class 'clock' is visually distant from CIFAR-10 'automobile', indicating high-confidence aliasing on background textures, spurious edges, or unconstrained open space."
762,far,sunflower,cat,-6.4617,-5.2929,1.1688,Surprising Failure,"Class 'sunflower' is visually distant from CIFAR-10 'cat', indicating high-confidence aliasing on background textures, spurious edges, or unconstrained open space."
572,far,bowl,frog,-6.4475,-5.2929,1.1545,Surprising Failure,"Class 'bowl' is visually distant from CIFAR-10 'frog', indicating high-confidence aliasing on background textures, spurious edges, or unconstrained open space."
616,far,chair,bird,-6.4362,-5.2929,1.1432,Surprising Failure,"Class 'chair' is visually distant from CIFAR-10 'bird', indicating high-confidence aliasing on background textures, spurious edges, or unconstrained open space."
556,far,mushroom,cat,-6.4267,-5.2929,1.1338,Surprising Failure,"Class 'mushroom' is visually distant from CIFAR-10 'cat', indicating high-confidence aliasing on background textures, spurious edges, or unconstrained open space."
401,far,bowl,automobile,-6.4099,-5.2929,1.1169,Surprising Failure,"Class 'bowl' is visually distant from CIFAR-10 'automobile', indicating high-confidence aliasing on background textures, spurious edges, or unconstrained open space."
258,far,keyboard,automobile,-6.3987,-5.2929,1.1057,Surprising Failure,"Class 'keyboard' is visually distant from CIFAR-10 'automobile', indicating high-confidence aliasing on background textures, spurious edges, or unconstrained open space."
94,far,sunflower,cat,-6.3864,-5.2929,1.0935,Surprising Failure,"Class 'sunflower' is visually distant from CIFAR-10 'cat', indicating high-confidence aliasing on background textures, spurious edges, or unconstrained open space."
311,far,wardrobe,truck,-6.3662,-5.2929,1.0733,Surprising Failure,"Class 'wardrobe' is visually distant from CIFAR-10 'truck', indicating high-confidence aliasing on background textures, spurious edges, or unconstrained open space."
689,far,sunflower,cat,-6.3656,-5.2929,1.0727,Surprising Failure,"Class 'sunflower' is visually distant from CIFAR-10 'cat', indicating high-confidence aliasing on background textures, spurious edges, or unconstrained open space."
494,far,bottle,ship,-6.3557,-5.2929,1.0627,Semantically Plausible,"Class 'bottle' shares strong visual/semantic features with CIFAR-10 'ship', causing the closed-set classifier to absorb the unknown with high logit response."
166,far,keyboard,ship,-6.342,-5.2929,1.049,Surprising Failure,"Class 'keyboard' is visually distant from CIFAR-10 'ship', indicating high-confidence aliasing on background textures, spurious edges, or unconstrained open space."
532,far,bottle,truck,-6.3365,-5.2929,1.0435,Surprising Failure,"Class 'bottle' is visually distant from CIFAR-10 'truck', indicating high-confidence aliasing on background textures, spurious edges, or unconstrained open space."
62,far,clock,dog,-6.3317,-5.2929,1.0388,Surprising Failure,"Class 'clock' is visually distant from CIFAR-10 'dog', indicating high-confidence aliasing on background textures, spurious edges, or unconstrained open space."
542,far,wardrobe,truck,-6.3117,-5.2929,1.0188,Surprising Failure,"Class 'wardrobe' is visually distant from CIFAR-10 'truck', indicating high-confidence aliasing on background textures, spurious edges, or unconstrained open space."
626,far,wardrobe,cat,-6.3003,-5.2929,1.0074,Surprising Failure,"Class 'wardrobe' is visually distant from CIFAR-10 'cat', indicating high-confidence aliasing on background textures, spurious edges, or unconstrained open space."
244,far,bottle,truck,-6.299,-5.2929,1.0061,Surprising Failure,"Class 'bottle' is visually distant from CIFAR-10 'truck', indicating high-confidence aliasing on background textures, spurious edges, or unconstrained open space."
597,far,bottle,cat,-6.2811,-5.2929,0.9881,Surprising Failure,"Class 'bottle' is visually distant from CIFAR-10 'cat', indicating high-confidence aliasing on background textures, spurious edges, or unconstrained open space."
722,far,wardrobe,cat,-6.279,-5.2929,0.9861,Surprising Failure,"Class 'wardrobe' is visually distant from CIFAR-10 'cat', indicating high-confidence aliasing on background textures, spurious edges, or unconstrained open space."
138,far,bowl,bird,-6.2736,-5.2929,0.9807,Surprising Failure,"Class 'bowl' is visually distant from CIFAR-10 'bird', indicating high-confidence aliasing on background textures, spurious edges, or unconstrained open space."
673,far,chair,airplane,-6.2631,-5.2929,0.9702,Surprising Failure,"Class 'chair' is visually distant from CIFAR-10 'airplane', indicating high-confidence aliasing on background textures, spurious edges, or unconstrained open space."
728,far,wardrobe,cat,-6.2619,-5.2929,0.969,Surprising Failure,"Class 'wardrobe' is visually distant from CIFAR-10 'cat', indicating high-confidence aliasing on background textures, spurious edges, or unconstrained open space."
602,far,sunflower,cat,-6.2597,-5.2929,0.9667,Surprising Failure,"Class 'sunflower' is visually distant from CIFAR-10 'cat', indicating high-confidence aliasing on background textures, spurious edges, or unconstrained open space."
712,far,bottle,frog,-6.2585,-5.2929,0.9656,Surprising Failure,"Class 'bottle' is visually distant from CIFAR-10 'frog', indicating high-confidence aliasing on background textures, spurious edges, or unconstrained open space."
678,far,bottle,cat,-6.254,-5.2929,0.961,Surprising Failure,"Class 'bottle' is visually distant from CIFAR-10 'cat', indicating high-confidence aliasing on background textures, spurious edges, or unconstrained open space."
439,far,clock,cat,-6.2537,-5.2929,0.9608,Surprising Failure,"Class 'clock' is visually distant from CIFAR-10 'cat', indicating high-confidence aliasing on background textures, spurious edges, or unconstrained open space."
18,far,keyboard,cat,-6.2463,-5.2929,0.9533,Surprising Failure,"Class 'keyboard' is visually distant from CIFAR-10 'cat', indicating high-confidence aliasing on background textures, spurious edges, or unconstrained open space."
156,far,clock,airplane,-6.237,-5.2929,0.9441,Surprising Failure,"Class 'clock' is visually distant from CIFAR-10 'airplane', indicating high-confidence aliasing on background textures, spurious edges, or unconstrained open space."
147,far,bowl,frog,-6.2355,-5.2929,0.9425,Surprising Failure,"Class 'bowl' is visually distant from CIFAR-10 'frog', indicating high-confidence aliasing on background textures, spurious edges, or unconstrained open space."
85,far,sunflower,ship,-6.2253,-5.2929,0.9323,Surprising Failure,"Class 'sunflower' is visually distant from CIFAR-10 'ship', indicating high-confidence aliasing on background textures, spurious edges, or unconstrained open space."
566,far,bowl,ship,-6.2074,-5.2929,0.9145,Semantically Plausible,"Class 'bowl' shares strong visual/semantic features with CIFAR-10 'ship', causing the closed-set classifier to absorb the unknown with high logit response."
444,far,chair,bird,-6.1979,-5.2929,0.905,Surprising Failure,"Class 'chair' is visually distant from CIFAR-10 'bird', indicating high-confidence aliasing on background textures, spurious edges, or unconstrained open space."
471,far,mushroom,bird,-6.192,-5.2929,0.899,Surprising Failure,"Class 'mushroom' is visually distant from CIFAR-10 'bird', indicating high-confidence aliasing on background textures, spurious edges, or unconstrained open space."
15,far,bowl,automobile,-6.1763,-5.2929,0.8834,Surprising Failure,"Class 'bowl' is visually distant from CIFAR-10 'automobile', indicating high-confidence aliasing on background textures, spurious edges, or unconstrained open space."
761,far,clock,automobile,-6.1697,-5.2929,0.8767,Surprising Failure,"Class 'clock' is visually distant from CIFAR-10 'automobile', indicating high-confidence aliasing on background textures, spurious edges, or unconstrained open space."
352,far,chair,airplane,-6.1552,-5.2929,0.8622,Surprising Failure,"Class 'chair' is visually distant from CIFAR-10 'airplane', indicating high-confidence aliasing on background textures, spurious edges, or unconstrained open space."
495,far,chair,cat,-6.1533,-5.2929,0.8603,Surprising Failure,"Class 'chair' is visually distant from CIFAR-10 'cat', indicating high-confidence aliasing on background textures, spurious edges, or unconstrained open space."
740,far,wardrobe,cat,-6.1485,-5.2929,0.8556,Surprising Failure,"Class 'wardrobe' is visually distant from CIFAR-10 'cat', indicating high-confidence aliasing on background textures, spurious edges, or unconstrained open space."
714,far,bowl,airplane,-6.1442,-5.2929,0.8512,Surprising Failure,"Class 'bowl' is visually distant from CIFAR-10 'airplane', indicating high-confidence aliasing on background textures, spurious edges, or unconstrained open space."
287,far,bowl,cat,-6.1179,-5.2929,0.825,Surprising Failure,"Class 'bowl' is visually distant from CIFAR-10 'cat', indicating high-confidence aliasing on background textures, spurious edges, or unconstrained open space."
478,far,keyboard,cat,-6.0895,-5.2929,0.7966,Surprising Failure,"Class 'keyboard' is visually distant from CIFAR-10 'cat', indicating high-confidence aliasing on background textures, spurious edges, or unconstrained open space."
34,far,bowl,ship,-6.085,-5.2929,0.7921,Semantically Plausible,"Class 'bowl' shares strong visual/semantic features with CIFAR-10 'ship', causing the closed-set classifier to absorb the unknown with high logit response."
492,far,bowl,cat,-6.0685,-5.2929,0.7756,Surprising Failure,"Class 'bowl' is visually distant from CIFAR-10 'cat', indicating high-confidence aliasing on background textures, spurious edges, or unconstrained open space."
694,far,bowl,cat,-6.0674,-5.2929,0.7744,Surprising Failure,"Class 'bowl' is visually distant from CIFAR-10 'cat', indicating high-confidence aliasing on background textures, spurious edges, or unconstrained open space."
414,far,mushroom,bird,-6.0636,-5.2929,0.7707,Surprising Failure,"Class 'mushroom' is visually distant from CIFAR-10 'bird', indicating high-confidence aliasing on background textures, spurious edges, or unconstrained open space."
730,far,wardrobe,cat,-6.0427,-5.2929,0.7498,Surprising Failure,"Class 'wardrobe' is visually distant from CIFAR-10 'cat', indicating high-confidence aliasing on background textures, spurious edges, or unconstrained open space."
149,far,wardrobe,truck,-6.0426,-5.2929,0.7497,Surprising Failure,"Class 'wardrobe' is visually distant from CIFAR-10 'truck', indicating high-confidence aliasing on background textures, spurious edges, or unconstrained open space."
307,far,sunflower,dog,-6.0426,-5.2929,0.7497,Surprising Failure,"Class 'sunflower' is visually distant from CIFAR-10 'dog', indicating high-confidence aliasing on background textures, spurious edges, or unconstrained open space."
405,far,clock,cat,-6.0352,-5.2929,0.7423,Surprising Failure,"Class 'clock' is visually distant from CIFAR-10 'cat', indicating high-confidence aliasing on background textures, spurious edges, or unconstrained open space."
399,far,bottle,truck,-6.0212,-5.2929,0.7283,Surprising Failure,"Class 'bottle' is visually distant from CIFAR-10 'truck', indicating high-confidence aliasing on background textures, spurious edges, or unconstrained open space."
790,far,mushroom,bird,-6.0101,-5.2929,0.7172,Surprising Failure,"Class 'mushroom' is visually distant from CIFAR-10 'bird', indicating high-confidence aliasing on background textures, spurious edges, or unconstrained open space."
499,far,keyboard,truck,-6.0063,-5.2929,0.7134,Surprising Failure,"Class 'keyboard' is visually distant from CIFAR-10 'truck', indicating high-confidence aliasing on background textures, spurious edges, or unconstrained open space."
721,far,chair,airplane,-6.0038,-5.2929,0.7109,Surprising Failure,"Class 'chair' is visually distant from CIFAR-10 'airplane', indicating high-confidence aliasing on background textures, spurious edges, or unconstrained open space."
512,far,keyboard,frog,-5.9972,-5.2929,0.7042,Surprising Failure,"Class 'keyboard' is visually distant from CIFAR-10 'frog', indicating high-confidence aliasing on background textures, spurious edges, or unconstrained open space."
229,far,bowl,cat,-5.9832,-5.2929,0.6902,Surprising Failure,"Class 'bowl' is visually distant from CIFAR-10 'cat', indicating high-confidence aliasing on background textures, spurious edges, or unconstrained open space."
776,far,clock,automobile,-5.9772,-5.2929,0.6843,Surprising Failure,"Class 'clock' is visually distant from CIFAR-10 'automobile', indicating high-confidence aliasing on background textures, spurious edges, or unconstrained open space."
130,far,keyboard,dog,-5.9751,-5.2929,0.6821,Surprising Failure,"Class 'keyboard' is visually distant from CIFAR-10 'dog', indicating high-confidence aliasing on background textures, spurious edges, or unconstrained open space."
493,far,bowl,cat,-5.9726,-5.2929,0.6796,Surprising Failure,"Class 'bowl' is visually distant from CIFAR-10 'cat', indicating high-confidence aliasing on background textures, spurious edges, or unconstrained open space."
257,far,bottle,cat,-5.9691,-5.2929,0.6762,Surprising Failure,"Class 'bottle' is visually distant from CIFAR-10 'cat', indicating high-confidence aliasing on background textures, spurious edges, or unconstrained open space."
700,far,chair,bird,-5.9683,-5.2929,0.6754,Surprising Failure,"Class 'chair' is visually distant from CIFAR-10 'bird', indicating high-confidence aliasing on background textures, spurious edges, or unconstrained open space."
508,far,wardrobe,cat,-5.9609,-5.2929,0.6679,Surprising Failure,"Class 'wardrobe' is visually distant from CIFAR-10 'cat', indicating high-confidence aliasing on background textures, spurious edges, or unconstrained open space."
503,far,mushroom,frog,-5.9456,-5.2929,0.6527,Semantically Plausible,"Class 'mushroom' shares strong visual/semantic features with CIFAR-10 'frog', causing the closed-set classifier to absorb the unknown with high logit response."
413,far,bottle,ship,-5.9351,-5.2929,0.6421,Semantically Plausible,"Class 'bottle' shares strong visual/semantic features with CIFAR-10 'ship', causing the closed-set classifier to absorb the unknown with high logit response."
285,far,mushroom,bird,-5.9261,-5.2929,0.6332,Surprising Failure,"Class 'mushroom' is visually distant from CIFAR-10 'bird', indicating high-confidence aliasing on background textures, spurious edges, or unconstrained open space."
550,far,chair,bird,-5.9148,-5.2929,0.6219,Surprising Failure,"Class 'chair' is visually distant from CIFAR-10 'bird', indicating high-confidence aliasing on background textures, spurious edges, or unconstrained open space."
131,far,chair,cat,-5.9105,-5.2929,0.6176,Surprising Failure,"Class 'chair' is visually distant from CIFAR-10 'cat', indicating high-confidence aliasing on background textures, spurious edges, or unconstrained open space."
649,far,bowl,automobile,-5.9052,-5.2929,0.6123,Surprising Failure,"Class 'bowl' is visually distant from CIFAR-10 'automobile', indicating high-confidence aliasing on background textures, spurious edges, or unconstrained open space."
129,far,sunflower,frog,-5.902,-5.2929,0.6091,Surprising Failure,"Class 'sunflower' is visually distant from CIFAR-10 'frog', indicating high-confidence aliasing on background textures, spurious edges, or unconstrained open space."
576,far,sunflower,ship,-5.8945,-5.2929,0.6015,Surprising Failure,"Class 'sunflower' is visually distant from CIFAR-10 'ship', indicating high-confidence aliasing on background textures, spurious edges, or unconstrained open space."
624,far,mushroom,frog,-5.8802,-5.2929,0.5873,Semantically Plausible,"Class 'mushroom' shares strong visual/semantic features with CIFAR-10 'frog', causing the closed-set classifier to absorb the unknown with high logit response."
441,far,bottle,ship,-5.8744,-5.2929,0.5814,Semantically Plausible,"Class 'bottle' shares strong visual/semantic features with CIFAR-10 'ship', causing the closed-set classifier to absorb the unknown with high logit response."
321,far,wardrobe,cat,-5.8694,-5.2929,0.5765,Surprising Failure,"Class 'wardrobe' is visually distant from CIFAR-10 'cat', indicating high-confidence aliasing on background textures, spurious edges, or unconstrained open space."
553,far,chair,airplane,-5.867,-5.2929,0.5741,Surprising Failure,"Class 'chair' is visually distant from CIFAR-10 'airplane', indicating high-confidence aliasing on background textures, spurious edges, or unconstrained open space."
387,far,bottle,cat,-5.8664,-5.2929,0.5735,Surprising Failure,"Class 'bottle' is visually distant from CIFAR-10 'cat', indicating high-confidence aliasing on background textures, spurious edges, or unconstrained open space."
284,far,bottle,truck,-5.8366,-5.2929,0.5437,Surprising Failure,"Class 'bottle' is visually distant from CIFAR-10 'truck', indicating high-confidence aliasing on background textures, spurious edges, or unconstrained open space."
306,far,clock,bird,-5.8359,-5.2929,0.5429,Surprising Failure,"Class 'clock' is visually distant from CIFAR-10 'bird', indicating high-confidence aliasing on background textures, spurious edges, or unconstrained open space."
763,far,wardrobe,cat,-5.8329,-5.2929,0.5399,Surprising Failure,"Class 'wardrobe' is visually distant from CIFAR-10 'cat', indicating high-confidence aliasing on background textures, spurious edges, or unconstrained open space."
698,far,bottle,bird,-5.8275,-5.2929,0.5346,Surprising Failure,"Class 'bottle' is visually distant from CIFAR-10 'bird', indicating high-confidence aliasing on background textures, spurious edges, or unconstrained open space."
331,far,sunflower,cat,-5.8189,-5.2929,0.526,Surprising Failure,"Class 'sunflower' is visually distant from CIFAR-10 'cat', indicating high-confidence aliasing on background textures, spurious edges, or unconstrained open space."
101,far,mushroom,bird,-5.8176,-5.2929,0.5246,Surprising Failure,"Class 'mushroom' is visually distant from CIFAR-10 'bird', indicating high-confidence aliasing on background textures, spurious edges, or unconstrained open space."
646,far,sunflower,cat,-5.8107,-5.2929,0.5178,Surprising Failure,"Class 'sunflower' is visually distant from CIFAR-10 'cat', indicating high-confidence aliasing on background textures, spurious edges, or unconstrained open space."
308,far,clock,cat,-5.7949,-5.2929,0.5019,Surprising Failure,"Class 'clock' is visually distant from CIFAR-10 'cat', indicating high-confidence aliasing on background textures, spurious edges, or unconstrained open space."
718,far,sunflower,airplane,-5.7903,-5.2929,0.4973,Surprising Failure,"Class 'sunflower' is visually distant from CIFAR-10 'airplane', indicating high-confidence aliasing on background textures, spurious edges, or unconstrained open space."
351,far,keyboard,cat,-5.7767,-5.2929,0.4838,Surprising Failure,"Class 'keyboard' is visually distant from CIFAR-10 'cat', indicating high-confidence aliasing on background textures, spurious edges, or unconstrained open space."
630,far,mushroom,cat,-5.7612,-5.2929,0.4682,Surprising Failure,"Class 'mushroom' is visually distant from CIFAR-10 'cat', indicating high-confidence aliasing on background textures, spurious edges, or unconstrained open space."
451,far,wardrobe,truck,-5.7572,-5.2929,0.4643,Surprising Failure,"Class 'wardrobe' is visually distant from CIFAR-10 'truck', indicating high-confidence aliasing on background textures, spurious edges, or unconstrained open space."
539,far,bottle,cat,-5.7535,-5.2929,0.4606,Surprising Failure,"Class 'bottle' is visually distant from CIFAR-10 'cat', indicating high-confidence aliasing on background textures, spurious edges, or unconstrained open space."
144,far,chair,cat,-5.7471,-5.2929,0.4542,Surprising Failure,"Class 'chair' is visually distant from CIFAR-10 'cat', indicating high-confidence aliasing on background textures, spurious edges, or unconstrained open space."
317,far,mushroom,cat,-5.7368,-5.2929,0.4439,Surprising Failure,"Class 'mushroom' is visually distant from CIFAR-10 'cat', indicating high-confidence aliasing on background textures, spurious edges, or unconstrained open space."
255,far,bowl,truck,-5.7239,-5.2929,0.431,Surprising Failure,"Class 'bowl' is visually distant from CIFAR-10 'truck', indicating high-confidence aliasing on background textures, spurious edges, or unconstrained open space."
470,far,bottle,ship,-5.7227,-5.2929,0.4298,Semantically Plausible,"Class 'bottle' shares strong visual/semantic features with CIFAR-10 'ship', causing the closed-set classifier to absorb the unknown with high logit response."
577,far,bowl,automobile,-5.7195,-5.2929,0.4266,Surprising Failure,"Class 'bowl' is visually distant from CIFAR-10 'automobile', indicating high-confidence aliasing on background textures, spurious edges, or unconstrained open space."
70,far,sunflower,bird,-5.7189,-5.2929,0.4259,Surprising Failure,"Class 'sunflower' is visually distant from CIFAR-10 'bird', indicating high-confidence aliasing on background textures, spurious edges, or unconstrained open space."
483,far,sunflower,airplane,-5.7158,-5.2929,0.4229,Surprising Failure,"Class 'sunflower' is visually distant from CIFAR-10 'airplane', indicating high-confidence aliasing on background textures, spurious edges, or unconstrained open space."
313,far,keyboard,bird,-5.7013,-5.2929,0.4084,Surprising Failure,"Class 'keyboard' is visually distant from CIFAR-10 'bird', indicating high-confidence aliasing on background textures, spurious edges, or unconstrained open space."
783,far,bottle,cat,-5.7006,-5.2929,0.4076,Surprising Failure,"Class 'bottle' is visually distant from CIFAR-10 'cat', indicating high-confidence aliasing on background textures, spurious edges, or unconstrained open space."
336,far,chair,airplane,-5.697,-5.2929,0.404,Surprising Failure,"Class 'chair' is visually distant from CIFAR-10 'airplane', indicating high-confidence aliasing on background textures, spurious edges, or unconstrained open space."
76,far,mushroom,bird,-5.6946,-5.2929,0.4017,Surprising Failure,"Class 'mushroom' is visually distant from CIFAR-10 'bird', indicating high-confidence aliasing on background textures, spurious edges, or unconstrained open space."
256,far,bowl,ship,-5.6881,-5.2929,0.3951,Semantically Plausible,"Class 'bowl' shares strong visual/semantic features with CIFAR-10 'ship', causing the closed-set classifier to absorb the unknown with high logit response."
249,far,wardrobe,cat,-5.6866,-5.2929,0.3937,Surprising Failure,"Class 'wardrobe' is visually distant from CIFAR-10 'cat', indicating high-confidence aliasing on background textures, spurious edges, or unconstrained open space."
561,far,sunflower,cat,-5.6787,-5.2929,0.3857,Surprising Failure,"Class 'sunflower' is visually distant from CIFAR-10 'cat', indicating high-confidence aliasing on background textures, spurious edges, or unconstrained open space."
98,far,sunflower,cat,-5.6733,-5.2929,0.3804,Surprising Failure,"Class 'sunflower' is visually distant from CIFAR-10 'cat', indicating high-confidence aliasing on background textures, spurious edges, or unconstrained open space."
368,far,bowl,cat,-5.6733,-5.2929,0.3804,Surprising Failure,"Class 'bowl' is visually distant from CIFAR-10 'cat', indicating high-confidence aliasing on background textures, spurious edges, or unconstrained open space."
759,far,keyboard,bird,-5.6686,-5.2929,0.3756,Surprising Failure,"Class 'keyboard' is visually distant from CIFAR-10 'bird', indicating high-confidence aliasing on background textures, spurious edges, or unconstrained open space."
139,far,bowl,ship,-5.6667,-5.2929,0.3738,Semantically Plausible,"Class 'bowl' shares strong visual/semantic features with CIFAR-10 'ship', causing the closed-set classifier to absorb the unknown with high logit response."
360,far,mushroom,horse,-5.659,-5.2929,0.3661,Surprising Failure,"Class 'mushroom' is visually distant from CIFAR-10 'horse', indicating high-confidence aliasing on background textures, spurious edges, or unconstrained open space."
458,far,mushroom,cat,-5.6582,-5.2929,0.3653,Surprising Failure,"Class 'mushroom' is visually distant from CIFAR-10 'cat', indicating high-confidence aliasing on background textures, spurious edges, or unconstrained open space."
123,far,keyboard,cat,-5.6563,-5.2929,0.3634,Surprising Failure,"Class 'keyboard' is visually distant from CIFAR-10 'cat', indicating high-confidence aliasing on background textures, spurious edges, or unconstrained open space."
748,far,mushroom,deer,-5.6485,-5.2929,0.3556,Surprising Failure,"Class 'mushroom' is visually distant from CIFAR-10 'deer', indicating high-confidence aliasing on background textures, spurious edges, or unconstrained open space."
243,far,clock,cat,-5.6481,-5.2929,0.3552,Surprising Failure,"Class 'clock' is visually distant from CIFAR-10 'cat', indicating high-confidence aliasing on background textures, spurious edges, or unconstrained open space."
563,far,keyboard,horse,-5.643,-5.2929,0.3501,Surprising Failure,"Class 'keyboard' is visually distant from CIFAR-10 'horse', indicating high-confidence aliasing on background textures, spurious edges, or unconstrained open space."
191,far,sunflower,ship,-5.6409,-5.2929,0.348,Surprising Failure,"Class 'sunflower' is visually distant from CIFAR-10 'ship', indicating high-confidence aliasing on background textures, spurious edges, or unconstrained open space."
799,far,mushroom,airplane,-5.6005,-5.2929,0.3076,Surprising Failure,"Class 'mushroom' is visually distant from CIFAR-10 'airplane', indicating high-confidence aliasing on background textures, spurious edges, or unconstrained open space."
514,far,wardrobe,cat,-5.599,-5.2929,0.3061,Surprising Failure,"Class 'wardrobe' is visually distant from CIFAR-10 'cat', indicating high-confidence aliasing on background textures, spurious edges, or unconstrained open space."
126,far,bottle,bird,-5.5921,-5.2929,0.2991,Surprising Failure,"Class 'bottle' is visually distant from CIFAR-10 'bird', indicating high-confidence aliasing on background textures, spurious edges, or unconstrained open space."
765,far,chair,airplane,-5.592,-5.2929,0.2991,Surprising Failure,"Class 'chair' is visually distant from CIFAR-10 'airplane', indicating high-confidence aliasing on background textures, spurious edges, or unconstrained open space."
794,far,mushroom,bird,-5.5919,-5.2929,0.2989,Surprising Failure,"Class 'mushroom' is visually distant from CIFAR-10 'bird', indicating high-confidence aliasing on background textures, spurious edges, or unconstrained open space."
79,far,sunflower,cat,-5.5717,-5.2929,0.2787,Surprising Failure,"Class 'sunflower' is visually distant from CIFAR-10 'cat', indicating high-confidence aliasing on background textures, spurious edges, or unconstrained open space."
78,far,mushroom,deer,-5.5651,-5.2929,0.2722,Surprising Failure,"Class 'mushroom' is visually distant from CIFAR-10 'deer', indicating high-confidence aliasing on background textures, spurious edges, or unconstrained open space."
220,far,keyboard,frog,-5.54,-5.2929,0.247,Surprising Failure,"Class 'keyboard' is visually distant from CIFAR-10 'frog', indicating high-confidence aliasing on background textures, spurious edges, or unconstrained open space."
9,far,bottle,cat,-5.5315,-5.2929,0.2386,Surprising Failure,"Class 'bottle' is visually distant from CIFAR-10 'cat', indicating high-confidence aliasing on background textures, spurious edges, or unconstrained open space."
606,far,bowl,cat,-5.5253,-5.2929,0.2324,Surprising Failure,"Class 'bowl' is visually distant from CIFAR-10 'cat', indicating high-confidence aliasing on background textures, spurious edges, or unconstrained open space."
157,far,bottle,cat,-5.5146,-5.2929,0.2217,Surprising Failure,"Class 'bottle' is visually distant from CIFAR-10 'cat', indicating high-confidence aliasing on background textures, spurious edges, or unconstrained open space."
379,far,clock,automobile,-5.5124,-5.2929,0.2194,Surprising Failure,"Class 'clock' is visually distant from CIFAR-10 'automobile', indicating high-confidence aliasing on background textures, spurious edges, or unconstrained open space."
546,far,bowl,airplane,-5.5095,-5.2929,0.2165,Surprising Failure,"Class 'bowl' is visually distant from CIFAR-10 'airplane', indicating high-confidence aliasing on background textures, spurious edges, or unconstrained open space."
747,far,keyboard,airplane,-5.465,-5.2929,0.172,Surprising Failure,"Class 'keyboard' is visually distant from CIFAR-10 'airplane', indicating high-confidence aliasing on background textures, spurious edges, or unconstrained open space."
633,far,chair,truck,-5.4626,-5.2929,0.1697,Surprising Failure,"Class 'chair' is visually distant from CIFAR-10 'truck', indicating high-confidence aliasing on background textures, spurious edges, or unconstrained open space."
309,far,mushroom,frog,-5.4293,-5.2929,0.1364,Semantically Plausible,"Class 'mushroom' shares strong visual/semantic features with CIFAR-10 'frog', causing the closed-set classifier to absorb the unknown with high logit response."
735,far,keyboard,cat,-5.4193,-5.2929,0.1264,Surprising Failure,"Class 'keyboard' is visually distant from CIFAR-10 'cat', indicating high-confidence aliasing on background textures, spurious edges, or unconstrained open space."
592,far,keyboard,cat,-5.4128,-5.2929,0.1199,Surprising Failure,"Class 'keyboard' is visually distant from CIFAR-10 'cat', indicating high-confidence aliasing on background textures, spurious edges, or unconstrained open space."
664,far,clock,cat,-5.3944,-5.2929,0.1015,Surprising Failure,"Class 'clock' is visually distant from CIFAR-10 'cat', indicating high-confidence aliasing on background textures, spurious edges, or unconstrained open space."
154,far,wardrobe,cat,-5.3723,-5.2929,0.0794,Surprising Failure,"Class 'wardrobe' is visually distant from CIFAR-10 'cat', indicating high-confidence aliasing on background textures, spurious edges, or unconstrained open space."
56,far,bowl,frog,-5.367,-5.2929,0.074,Surprising Failure,"Class 'bowl' is visually distant from CIFAR-10 'frog', indicating high-confidence aliasing on background textures, spurious edges, or unconstrained open space."
530,far,keyboard,airplane,-5.3667,-5.2929,0.0737,Surprising Failure,"Class 'keyboard' is visually distant from CIFAR-10 'airplane', indicating high-confidence aliasing on background textures, spurious edges, or unconstrained open space."
52,far,sunflower,frog,-5.3626,-5.2929,0.0697,Surprising Failure,"Class 'sunflower' is visually distant from CIFAR-10 'frog', indicating high-confidence aliasing on background textures, spurious edges, or unconstrained open space."
788,far,bottle,frog,-5.3434,-5.2929,0.0504,Surprising Failure,"Class 'bottle' is visually distant from CIFAR-10 'frog', indicating high-confidence aliasing on background textures, spurious edges, or unconstrained open space."
333,far,bowl,dog,-5.3425,-5.2929,0.0496,Surprising Failure,"Class 'bowl' is visually distant from CIFAR-10 'dog', indicating high-confidence aliasing on background textures, spurious edges, or unconstrained open space."
502,far,keyboard,cat,-5.3383,-5.2929,0.0453,Surprising Failure,"Class 'keyboard' is visually distant from CIFAR-10 'cat', indicating high-confidence aliasing on background textures, spurious edges, or unconstrained open space."
438,far,wardrobe,truck,-5.3357,-5.2929,0.0427,Surprising Failure,"Class 'wardrobe' is visually distant from CIFAR-10 'truck', indicating high-confidence aliasing on background textures, spurious edges, or unconstrained open space."
159,far,sunflower,frog,-5.3322,-5.2929,0.0393,Surprising Failure,"Class 'sunflower' is visually distant from CIFAR-10 'frog', indicating high-confidence aliasing on background textures, spurious edges, or unconstrained open space."
600,far,bottle,cat,-5.3277,-5.2929,0.0347,Surprising Failure,"Class 'bottle' is visually distant from CIFAR-10 'cat', indicating high-confidence aliasing on background textures, spurious edges, or unconstrained open space."
22,far,keyboard,automobile,-5.3229,-5.2929,0.0299,Surprising Failure,"Class 'keyboard' is visually distant from CIFAR-10 'automobile', indicating high-confidence aliasing on background textures, spurious edges, or unconstrained open space."
72,far,mushroom,frog,-5.3203,-5.2929,0.0273,Semantically Plausible,"Class 'mushroom' shares strong visual/semantic features with CIFAR-10 'frog', causing the closed-set classifier to absorb the unknown with high logit response."
452,far,chair,airplane,-5.3188,-5.2929,0.0259,Surprising Failure,"Class 'chair' is visually distant from CIFAR-10 'airplane', indicating high-confidence aliasing on background textures, spurious edges, or unconstrained open space."
708,far,wardrobe,cat,-5.3137,-5.2929,0.0208,Surprising Failure,"Class 'wardrobe' is visually distant from CIFAR-10 'cat', indicating high-confidence aliasing on background textures, spurious edges, or unconstrained open space."
248,far,bottle,bird,-5.3131,-5.2929,0.0202,Surprising Failure,"Class 'bottle' is visually distant from CIFAR-10 'bird', indicating high-confidence aliasing on background textures, spurious edges, or unconstrained open space."
639,far,mushroom,cat,-5.3082,-5.2929,0.0153,Surprising Failure,"Class 'mushroom' is visually distant from CIFAR-10 'cat', indicating high-confidence aliasing on background textures, spurious edges, or unconstrained open space."
594,far,sunflower,frog,-5.3059,-5.2929,0.013,Surprising Failure,"Class 'sunflower' is visually distant from CIFAR-10 'frog', indicating high-confidence aliasing on background textures, spurious edges, or unconstrained open space."
518,far,bowl,ship,-5.3003,-5.2929,0.0074,Semantically Plausible,"Class 'bowl' shares strong visual/semantic features with CIFAR-10 'ship', causing the closed-set classifier to absorb the unknown with high logit response."
386,far,keyboard,airplane,-5.2999,-5.2929,0.007,Surprising Failure,"Class 'keyboard' is visually distant from CIFAR-10 'airplane', indicating high-confidence aliasing on background textures, spurious edges, or unconstrained open space."
691,far,bottle,ship,-5.2998,-5.2929,0.0068,Semantically Plausible,"Class 'bottle' shares strong visual/semantic features with CIFAR-10 'ship', causing the closed-set classifier to absorb the unknown with high logit response."
567,far,clock,dog,-5.2935,-5.2929,0.0005,Surprising Failure,"Class 'clock' is visually distant from CIFAR-10 'dog', indicating high-confidence aliasing on background textures, spurious edges, or unconstrained open space."
